Kieskring,Arrondissement,Kanton,Gemeente
Antwerpen#Anvers,Antwerpen#Anvers,Antwerpen#Anvers,Antwerpen#Anvers
Antwerpen#Anvers,Antwerpen#Anvers,Antwerpen#Anvers,Zwijndrecht
Antwerpen#Anvers,Antwerpen#Anvers,Boom,Boom
Antwerpen#Anvers,Antwerpen#Anvers,Boom,Hemiksem
Antwerpen#Anvers,Antwerpen#Anvers,Boom,Niel
Antwerpen#Anvers,Antwerpen#Anvers,Boom,Rumst
Antwerpen#Anvers,Antwerpen#Anvers,Boom,Schelle
Antwerpen#Anvers,Antwerpen#Anvers,Brecht,Brecht
Antwerpen#Anvers,Antwerpen#Anvers,Brecht,Essen
Antwerpen#Anvers,Antwerpen#Anvers,Brecht,Kalmthout
Antwerpen#Anvers,Antwerpen#Anvers,Brecht,Malle
Antwerpen#Anvers,Antwerpen#Anvers,Brecht,Wuustwezel
Antwerpen#Anvers,Antwerpen#Anvers,Kapellen,Kapellen
Antwerpen#Anvers,Antwerpen#Anvers,Kapellen,Brasschaat
Antwerpen#Anvers,Antwerpen#Anvers,Kapellen,Schoten
Antwerpen#Anvers,Antwerpen#Anvers,Kapellen,Stabroek
Antwerpen#Anvers,Antwerpen#Anvers,Kontich,Kontich
Antwerpen#Anvers,Antwerpen#Anvers,Kontich,Aartselaar
Antwerpen#Anvers,Antwerpen#Anvers,Kontich,Boechout
Antwerpen#Anvers,Antwerpen#Anvers,Kontich,Borsbeek
Antwerpen#Anvers,Antwerpen#Anvers,Kontich,Edegem
Antwerpen#Anvers,Antwerpen#Anvers,Kontich,Hove
Antwerpen#Anvers,Antwerpen#Anvers,Kontich,Lint
Antwerpen#Anvers,Antwerpen#Anvers,Kontich,Mortsel
Antwerpen#Anvers,Antwerpen#Anvers,Zandhoven,Zandhoven
Antwerpen#Anvers,Antwerpen#Anvers,Zandhoven,Ranst
Antwerpen#Anvers,Antwerpen#Anvers,Zandhoven,Schilde
Antwerpen#Anvers,Antwerpen#Anvers,Zandhoven,Wijnegem
Antwerpen#Anvers,Antwerpen#Anvers,Zandhoven,Wommelgem
Antwerpen#Anvers,Antwerpen#Anvers,Zandhoven,Zoersel
Antwerpen#Anvers,Mechelen-Turnhout#Malines-Turnhout,Mechelen#Malines,Mechelen#Malines
Antwerpen#Anvers,Mechelen-Turnhout#Malines-Turnhout,Mechelen#Malines,Willebroek
Antwerpen#Anvers,Mechelen-Turnhout#Malines-Turnhout,Duffel,Duffel
Antwerpen#Anvers,Mechelen-Turnhout#Malines-Turnhout,Duffel,Bonheiden
Antwerpen#Anvers,Mechelen-Turnhout#Malines-Turnhout,Duffel,Sint-Katelijne-Waver
Antwerpen#Anvers,Mechelen-Turnhout#Malines-Turnhout,Heist-op-den-Berg,Heist-op-den-Berg
Antwerpen#Anvers,Mechelen-Turnhout#Malines-Turnhout,Heist-op-den-Berg,Nijlen
Antwerpen#Anvers,Mechelen-Turnhout#Malines-Turnhout,Heist-op-den-Berg,Putte
Antwerpen#Anvers,Mechelen-Turnhout#Malines-Turnhout,Lier#Lierre,Lier#Lierre
Antwerpen#Anvers,Mechelen-Turnhout#Malines-Turnhout,Lier#Lierre,Berlaar
Antwerpen#Anvers,Mechelen-Turnhout#Malines-Turnhout,Puurs,Puurs
Antwerpen#Anvers,Mechelen-Turnhout#Malines-Turnhout,Puurs,Bornem
Antwerpen#Anvers,Mechelen-Turnhout#Malines-Turnhout,Puurs,Sint-Amands
Antwerpen#Anvers,Mechelen-Turnhout#Malines-Turnhout,Turnhout,Turnhout
Antwerpen#Anvers,Mechelen-Turnhout#Malines-Turnhout,Turnhout,Beerse
Antwerpen#Anvers,Mechelen-Turnhout#Malines-Turnhout,Turnhout,Oud-Turnhout
Antwerpen#Anvers,Mechelen-Turnhout#Malines-Turnhout,Turnhout,Vosselaar
Antwerpen#Anvers,Mechelen-Turnhout#Malines-Turnhout,Arendonk,Arendonk
Antwerpen#Anvers,Mechelen-Turnhout#Malines-Turnhout,Arendonk,Dessel
Antwerpen#Anvers,Mechelen-Turnhout#Malines-Turnhout,Arendonk,Ravels
Antwerpen#Anvers,Mechelen-Turnhout#Malines-Turnhout,Arendonk,Retie
Antwerpen#Anvers,Mechelen-Turnhout#Malines-Turnhout,Herentals,Herentals
Antwerpen#Anvers,Mechelen-Turnhout#Malines-Turnhout,Herentals,Grobbendonk
Antwerpen#Anvers,Mechelen-Turnhout#Malines-Turnhout,Herentals,Herenthout
Antwerpen#Anvers,Mechelen-Turnhout#Malines-Turnhout,Herentals,Kasterlee
Antwerpen#Anvers,Mechelen-Turnhout#Malines-Turnhout,Herentals,Lille
Antwerpen#Anvers,Mechelen-Turnhout#Malines-Turnhout,Herentals,Olen
Antwerpen#Anvers,Mechelen-Turnhout#Malines-Turnhout,Herentals,Vorselaar
Antwerpen#Anvers,Mechelen-Turnhout#Malines-Turnhout,Hoogstraten,Hoogstraten
Antwerpen#Anvers,Mechelen-Turnhout#Malines-Turnhout,Hoogstraten,Baarle-Hertog#Baerle-Duc
Antwerpen#Anvers,Mechelen-Turnhout#Malines-Turnhout,Hoogstraten,Merksplas
Antwerpen#Anvers,Mechelen-Turnhout#Malines-Turnhout,Hoogstraten,Rijkevorsel
Antwerpen#Anvers,Mechelen-Turnhout#Malines-Turnhout,Mol,Mol
Antwerpen#Anvers,Mechelen-Turnhout#Malines-Turnhout,Mol,Balen
Antwerpen#Anvers,Mechelen-Turnhout#Malines-Turnhout,Mol,Geel
Antwerpen#Anvers,Mechelen-Turnhout#Malines-Turnhout,Mol,Meerhout
Antwerpen#Anvers,Mechelen-Turnhout#Malines-Turnhout,Westerlo,Westerlo
Antwerpen#Anvers,Mechelen-Turnhout#Malines-Turnhout,Westerlo,Herselt
Antwerpen#Anvers,Mechelen-Turnhout#Malines-Turnhout,Westerlo,Hulshout
Antwerpen#Anvers,Mechelen-Turnhout#Malines-Turnhout,Westerlo,Laakdal
Antwerpen#Anvers,Mechelen#Malines,Mechelen#Malines,Mechelen#Malines
Antwerpen#Anvers,Mechelen#Malines,Mechelen#Malines,Willebroek
Antwerpen#Anvers,Mechelen#Malines,Duffel,Duffel
Antwerpen#Anvers,Mechelen#Malines,Duffel,Bonheiden
Antwerpen#Anvers,Mechelen#Malines,Duffel,Sint-Katelijne-Waver
Antwerpen#Anvers,Mechelen#Malines,Heist-op-den-Berg,Heist-op-den-Berg
Antwerpen#Anvers,Mechelen#Malines,Heist-op-den-Berg,Nijlen
Antwerpen#Anvers,Mechelen#Malines,Heist-op-den-Berg,Putte
Antwerpen#Anvers,Mechelen#Malines,Lier#Lierre,Lier#Lierre
Antwerpen#Anvers,Mechelen#Malines,Lier#Lierre,Berlaar
Antwerpen#Anvers,Mechelen#Malines,Puurs,Puurs
Antwerpen#Anvers,Mechelen#Malines,Puurs,Bornem
Antwerpen#Anvers,Mechelen#Malines,Puurs,Sint-Amands
Antwerpen#Anvers,Turnhout,Turnhout,Turnhout
Antwerpen#Anvers,Turnhout,Turnhout,Beerse
Antwerpen#Anvers,Turnhout,Turnhout,Oud-Turnhout
Antwerpen#Anvers,Turnhout,Turnhout,Vosselaar
Antwerpen#Anvers,Turnhout,Arendonk,Arendonk
Antwerpen#Anvers,Turnhout,Arendonk,Dessel
Antwerpen#Anvers,Turnhout,Arendonk,Ravels
Antwerpen#Anvers,Turnhout,Arendonk,Retie
Antwerpen#Anvers,Turnhout,Herentals,Herentals
Antwerpen#Anvers,Turnhout,Herentals,Grobbendonk
Antwerpen#Anvers,Turnhout,Herentals,Herenthout
Antwerpen#Anvers,Turnhout,Herentals,Kasterlee
Antwerpen#Anvers,Turnhout,Herentals,Lille
Antwerpen#Anvers,Turnhout,Herentals,Olen
Antwerpen#Anvers,Turnhout,Herentals,Vorselaar
Antwerpen#Anvers,Turnhout,Hoogstraten,Hoogstraten
Antwerpen#Anvers,Turnhout,Hoogstraten,Baarle-Hertog#Baerle-Duc
Antwerpen#Anvers,Turnhout,Hoogstraten,Merksplas
Antwerpen#Anvers,Turnhout,Hoogstraten,Rijkevorsel
Antwerpen#Anvers,Turnhout,Mol,Mol
Antwerpen#Anvers,Turnhout,Mol,Balen
Antwerpen#Anvers,Turnhout,Mol,Geel
Antwerpen#Anvers,Turnhout,Mol,Meerhout
Antwerpen#Anvers,Turnhout,Westerlo,Westerlo
Antwerpen#Anvers,Turnhout,Westerlo,Herselt
Antwerpen#Anvers,Turnhout,Westerlo,Hulshout
Antwerpen#Anvers,Turnhout,Westerlo,Laakdal
Hainaut#Henegouwen,Mons-Soignies#Bergen-Zinnik,Mons#Bergen,Mons#Bergen
Hainaut#Henegouwen,Mons-Soignies#Bergen-Zinnik,Boussu,Boussu
Hainaut#Henegouwen,Mons-Soignies#Bergen-Zinnik,Boussu,Hensies
Hainaut#Henegouwen,Mons-Soignies#Bergen-Zinnik,Boussu,Quaregnon
Hainaut#Henegouwen,Mons-Soignies#Bergen-Zinnik,Boussu,Saint-Ghislain
Hainaut#Henegouwen,Mons-Soignies#Bergen-Zinnik,Dour,Dour
Hainaut#Henegouwen,Mons-Soignies#Bergen-Zinnik,Dour,Colfontaine
Hainaut#Henegouwen,Mons-Soignies#Bergen-Zinnik,Dour,Honnelles
Hainaut#Henegouwen,Mons-Soignies#Bergen-Zinnik,Dour,Quiévrain
Hainaut#Henegouwen,Mons-Soignies#Bergen-Zinnik,Lens,Lens
Hainaut#Henegouwen,Mons-Soignies#Bergen-Zinnik,Lens,Jurbise#Jurbeke
Hainaut#Henegouwen,Mons-Soignies#Bergen-Zinnik,Frameries,Frameries
Hainaut#Henegouwen,Mons-Soignies#Bergen-Zinnik,Frameries,Quévy
Hainaut#Henegouwen,Mons-Soignies#Bergen-Zinnik,Soignies#Zinnik,Soignies#Zinnik
Hainaut#Henegouwen,Mons-Soignies#Bergen-Zinnik,Soignies#Zinnik,Braine-le-Comte#‘s
Hainaut#Henegouwen,Mons-Soignies#Bergen-Zinnik,Soignies#Zinnik,Gravenbrakel
Hainaut#Henegouwen,Mons-Soignies#Bergen-Zinnik,Soignies#Zinnik,Ecaussinnes
Hainaut#Henegouwen,Mons-Soignies#Bergen-Zinnik,Enghien#Edingen,Enghien#Edingen
Hainaut#Henegouwen,Mons-Soignies#Bergen-Zinnik,Enghien#Edingen,Silly#Opzullik
Hainaut#Henegouwen,Mons-Soignies#Bergen-Zinnik,La Louvière,La Louvière
Hainaut#Henegouwen,Mons-Soignies#Bergen-Zinnik,Lessines#Lessen,Lessines#Lessen
Hainaut#Henegouwen,Mons-Soignies#Bergen-Zinnik,Le Roeulx,Le Roeulx
Hainaut#Henegouwen,Mons#Bergen,Mons#Bergen,Mons#Bergen
Hainaut#Henegouwen,Mons#Bergen,Boussu,Boussu
Hainaut#Henegouwen,Mons#Bergen,Boussu,Hensies
Hainaut#Henegouwen,Mons#Bergen,Boussu,Quaregnon
Hainaut#Henegouwen,Mons#Bergen,Boussu,Saint-Ghislain
Hainaut#Henegouwen,Mons#Bergen,Dour,Dour
Hainaut#Henegouwen,Mons#Bergen,Dour,Colfontaine
Hainaut#Henegouwen,Mons#Bergen,Dour,Honnelles
Hainaut#Henegouwen,Mons#Bergen,Dour,Quiévrain
Hainaut#Henegouwen,Mons#Bergen,Lens,Lens
Hainaut#Henegouwen,Mons#Bergen,Lens,Jurbise#Jurbeke
Hainaut#Henegouwen,Mons#Bergen,Frameries,Frameries
Hainaut#Henegouwen,Mons#Bergen,Frameries,Quévy
Hainaut#Henegouwen,Soignies#Zinnik,Soignies#Zinnik,Soignies#Zinnik
Hainaut#Henegouwen,Soignies#Zinnik,Soignies#Zinnik,Braine-le-Comte#‘s
Hainaut#Henegouwen,Soignies#Zinnik,Soignies#Zinnik,Gravenbrakel
Hainaut#Henegouwen,Soignies#Zinnik,Soignies#Zinnik,Ecaussinnes
Hainaut#Henegouwen,Soignies#Zinnik,Enghien#Edingen,Enghien#Edingen
Hainaut#Henegouwen,Soignies#Zinnik,Enghien#Edingen,Silly#Opzullik
Hainaut#Henegouwen,Soignies#Zinnik,La Louvière,La Louvière
Hainaut#Henegouwen,Soignies#Zinnik,Lessines#Lessen,Lessines#Lessen
Hainaut#Henegouwen,Soignies#Zinnik,Le Roeulx,Le Roeulx
Hainaut#Henegouwen,Tournai-Ath-Mouscron#Doornik-Aat-Moeskroen,Tournai#Doornik,Tournai#Doornik
Hainaut#Henegouwen,Tournai-Ath-Mouscron#Doornik-Aat-Moeskroen,Antoing,Antoing
Hainaut#Henegouwen,Tournai-Ath-Mouscron#Doornik-Aat-Moeskroen,Antoing,Rumes
Hainaut#Henegouwen,Tournai-Ath-Mouscron#Doornik-Aat-Moeskroen,Antoing,Brunehaut
Hainaut#Henegouwen,Tournai-Ath-Mouscron#Doornik-Aat-Moeskroen,Celles,Celles
Hainaut#Henegouwen,Tournai-Ath-Mouscron#Doornik-Aat-Moeskroen,Celles,Mont-de-l’Enclus
Hainaut#Henegouwen,Tournai-Ath-Mouscron#Doornik-Aat-Moeskroen,Leuze-en-Hainaut,Leuze-en-Hainaut
Hainaut#Henegouwen,Tournai-Ath-Mouscron#Doornik-Aat-Moeskroen,Péruwelz,Péruwelz
Hainaut#Henegouwen,Tournai-Ath-Mouscron#Doornik-Aat-Moeskroen,Estaimpuis,Estaimpuis
Hainaut#Henegouwen,Tournai-Ath-Mouscron#Doornik-Aat-Moeskroen,Estaimpuis,Pecq
Hainaut#Henegouwen,Tournai-Ath-Mouscron#Doornik-Aat-Moeskroen,Ath#Aat,Ath#Aat
Hainaut#Henegouwen,Tournai-Ath-Mouscron#Doornik-Aat-Moeskroen,Chièvres,Chièvres
Hainaut#Henegouwen,Tournai-Ath-Mouscron#Doornik-Aat-Moeskroen,Chièvres,Brugelette
Hainaut#Henegouwen,Tournai-Ath-Mouscron#Doornik-Aat-Moeskroen,Flobecq#Vloesberg,Flobecq#Vloesberg
Hainaut#Henegouwen,Tournai-Ath-Mouscron#Doornik-Aat-Moeskroen,Flobecq#Vloesberg,Ellezelles#Elzele
Hainaut#Henegouwen,Tournai-Ath-Mouscron#Doornik-Aat-Moeskroen,Frasnes-lez-Anvaing,Frasnes-lez-Anvaing
Hainaut#Henegouwen,Tournai-Ath-Mouscron#Doornik-Aat-Moeskroen,Beloeil,Beloeil
Hainaut#Henegouwen,Tournai-Ath-Mouscron#Doornik-Aat-Moeskroen,Beloeil,Bernissart
Hainaut#Henegouwen,Tournai-Ath-Mouscron#Doornik-Aat-Moeskroen,Mouscron#Moeskroen,Mouscron#Moeskroen
Hainaut#Henegouwen,Tournai-Ath-Mouscron#Doornik-Aat-Moeskroen,Comines-Warneton#Komen-Waasten,Comines-Warneton#Komen-Waasten
Hainaut#Henegouwen,Tournai-Ath#Doornik-Aat,Tournai#Doornik,Tournai#Doornik
Hainaut#Henegouwen,Tournai-Ath#Doornik-Aat,Antoing,Antoing
Hainaut#Henegouwen,Tournai-Ath#Doornik-Aat,Antoing,Rumes
Hainaut#Henegouwen,Tournai-Ath#Doornik-Aat,Antoing,Brunehaut
Hainaut#Henegouwen,Tournai-Ath#Doornik-Aat,Celles,Celles
Hainaut#Henegouwen,Tournai-Ath#Doornik-Aat,Celles,Mont-de-l’Enclus
Hainaut#Henegouwen,Tournai-Ath#Doornik-Aat,Leuze-en-Hainaut,Leuze-en-Hainaut
Hainaut#Henegouwen,Tournai-Ath#Doornik-Aat,Péruwelz,Péruwelz
Hainaut#Henegouwen,Tournai-Ath#Doornik-Aat,Estaimpuis,Estaimpuis
Hainaut#Henegouwen,Tournai-Ath#Doornik-Aat,Estaimpuis,Pecq
Hainaut#Henegouwen,Tournai-Ath#Doornik-Aat,Ath#Aat,Ath#Aat
Hainaut#Henegouwen,Tournai-Ath#Doornik-Aat,Chièvres,Chièvres
Hainaut#Henegouwen,Tournai-Ath#Doornik-Aat,Chièvres,Brugelette
Hainaut#Henegouwen,Tournai-Ath#Doornik-Aat,Flobecq#Vloesberg,Flobecq#Vloesberg
Hainaut#Henegouwen,Tournai-Ath#Doornik-Aat,Flobecq#Vloesberg,Ellezelles#Elzele
Hainaut#Henegouwen,Tournai-Ath#Doornik-Aat,Frasnes-lez-Anvaing,Frasnes-lez-Anvaing
Hainaut#Henegouwen,Tournai-Ath#Doornik-Aat,Beloeil,Beloeil
Hainaut#Henegouwen,Tournai-Ath#Doornik-Aat,Beloeil,Bernissart
Hainaut#Henegouwen,Tournai#Doornik,Tournai#Doornik,Tournai#Doornik
Hainaut#Henegouwen,Tournai#Doornik,Antoing,Antoing
Hainaut#Henegouwen,Tournai#Doornik,Antoing,Rumes
Hainaut#Henegouwen,Tournai#Doornik,Antoing,Brunehaut
Hainaut#Henegouwen,Tournai#Doornik,Celles,Celles
Hainaut#Henegouwen,Tournai#Doornik,Celles,Mont-de-l’Enclus
Hainaut#Henegouwen,Tournai#Doornik,Leuze-en-Hainaut,Leuze-en-Hainaut
Hainaut#Henegouwen,Tournai#Doornik,Péruwelz,Péruwelz
Hainaut#Henegouwen,Tournai#Doornik,Estaimpuis,Estaimpuis
Hainaut#Henegouwen,Tournai#Doornik,Estaimpuis,Pecq
Hainaut#Henegouwen,Ath#Aat,Ath#Aat,Ath#Aat
Hainaut#Henegouwen,Ath#Aat,Chièvres,Chièvres
Hainaut#Henegouwen,Ath#Aat,Chièvres,Brugelette
Hainaut#Henegouwen,Ath#Aat,Flobecq#Vloesberg,Flobecq#Vloesberg
Hainaut#Henegouwen,Ath#Aat,Flobecq#Vloesberg,Ellezelles#Elzele
Hainaut#Henegouwen,Ath#Aat,Frasnes-lez-Anvaing,Frasnes-lez-Anvaing
Hainaut#Henegouwen,Ath#Aat,Beloeil,Beloeil
Hainaut#Henegouwen,Ath#Aat,Beloeil,Bernissart
Hainaut#Henegouwen,Mouscron#Moeskroen,Mouscron#Moeskroen,Mouscron#Moeskroen
Hainaut#Henegouwen,Mouscron#Moeskroen,Comines-Warneton#Komen-Waasten,Comines-Warneton#Komen-Waasten
Hainaut#Henegouwen,Charleroi-Thuin,Charleroi,Charleroi
Hainaut#Henegouwen,Charleroi-Thuin,Châtelet,Châtelet
Hainaut#Henegouwen,Charleroi-Thuin,Châtelet,Aiseau-Presles
Hainaut#Henegouwen,Charleroi-Thuin,Châtelet,Farciennes
Hainaut#Henegouwen,Charleroi-Thuin,Châtelet,Fleurus
Hainaut#Henegouwen,Charleroi-Thuin,Châtelet,Gerpinnes
Hainaut#Henegouwen,Charleroi-Thuin,Fontaine-l’Evêque,Fontaine-l’Evêque
Hainaut#Henegouwen,Charleroi-Thuin,Fontaine-l’Evêque,Chapelle-lez-Herlaimont
Hainaut#Henegouwen,Charleroi-Thuin,Fontaine-l’Evêque,Courcelles
Hainaut#Henegouwen,Charleroi-Thuin,Fontaine-l’Evêque,Montigny-le-Tilleul
Hainaut#Henegouwen,Charleroi-Thuin,Seneffe,Seneffe
Hainaut#Henegouwen,Charleroi-Thuin,Seneffe,Les Bons Villers
Hainaut#Henegouwen,Charleroi-Thuin,Seneffe,Manage
Hainaut#Henegouwen,Charleroi-Thuin,Seneffe,Pont-à-Celles
Hainaut#Henegouwen,Charleroi-Thuin,Thuin,Thuin
Hainaut#Henegouwen,Charleroi-Thuin,Thuin,Ham-sur-Heure-Nalinnes
Hainaut#Henegouwen,Charleroi-Thuin,Thuin,Lobbes
Hainaut#Henegouwen,Charleroi-Thuin,Beaumont,Beaumont
Hainaut#Henegouwen,Charleroi-Thuin,Beaumont,Froidchapelle
Hainaut#Henegouwen,Charleroi-Thuin,Beaumont,Sivry-Rance
Hainaut#Henegouwen,Charleroi-Thuin,Binche,Binche
Hainaut#Henegouwen,Charleroi-Thuin,Binche,Anderlues
Hainaut#Henegouwen,Charleroi-Thuin,Binche,Morlanwelz
Hainaut#Henegouwen,Charleroi-Thuin,Chimay,Chimay
Hainaut#Henegouwen,Charleroi-Thuin,Chimay,Momignies
Hainaut#Henegouwen,Charleroi-Thuin,Merbes-le-Château,Merbes-le-Château
Hainaut#Henegouwen,Charleroi-Thuin,Merbes-le-Château,Erquelinnes
Hainaut#Henegouwen,Charleroi-Thuin,Merbes-le-Château,Estinnes
Hainaut#Henegouwen,Charleroi,Charleroi,Charleroi
Hainaut#Henegouwen,Charleroi,Châtelet,Châtelet
Hainaut#Henegouwen,Charleroi,Châtelet,Aiseau-Presles
Hainaut#Henegouwen,Charleroi,Châtelet,Farciennes
Hainaut#Henegouwen,Charleroi,Châtelet,Fleurus
Hainaut#Henegouwen,Charleroi,Châtelet,Gerpinnes
Hainaut#Henegouwen,Charleroi,Fontaine-l’Evêque,Fontaine-l’Evêque
Hainaut#Henegouwen,Charleroi,Fontaine-l’Evêque,Chapelle-lez-Herlaimont
Hainaut#Henegouwen,Charleroi,Fontaine-l’Evêque,Courcelles
Hainaut#Henegouwen,Charleroi,Fontaine-l’Evêque,Montigny-le-Tilleul
Hainaut#Henegouwen,Charleroi,Seneffe,Seneffe
Hainaut#Henegouwen,Charleroi,Seneffe,Les Bons Villers
Hainaut#Henegouwen,Charleroi,Seneffe,Manage
Hainaut#Henegouwen,Charleroi,Seneffe,Pont-à-Celles
Hainaut#Henegouwen,Thuin,Thuin,Thuin
Hainaut#Henegouwen,Thuin,Thuin,Ham-sur-Heure-Nalinnes
Hainaut#Henegouwen,Thuin,Thuin,Lobbes
Hainaut#Henegouwen,Thuin,Beaumont,Beaumont
Hainaut#Henegouwen,Thuin,Beaumont,Froidchapelle
Hainaut#Henegouwen,Thuin,Beaumont,Sivry-Rance
Hainaut#Henegouwen,Thuin,Binche,Binche
Hainaut#Henegouwen,Thuin,Binche,Anderlues
Hainaut#Henegouwen,Thuin,Binche,Morlanwelz
Hainaut#Henegouwen,Thuin,Chimay,Chimay
Hainaut#Henegouwen,Thuin,Chimay,Momignies
Hainaut#Henegouwen,Thuin,Merbes-le-Château,Merbes-le-Château
Hainaut#Henegouwen,Thuin,Merbes-le-Château,Erquelinnes
Hainaut#Henegouwen,Thuin,Merbes-le-Château,Estinnes
Liège#Luik,Liège#Luik,Liège#Luik,Liège#Luik
Liège#Luik,Liège#Luik,Visé#Wezet,Visé#Wezet
Liège#Luik,Liège#Luik,Visé#Wezet,Dalhem
Liège#Luik,Liège#Luik,Bassenge#Bitsingen,Bassenge#Bitsingen
Liège#Luik,Liège#Luik,Bassenge#Bitsingen,Juprelle
Liège#Luik,Liège#Luik,Bassenge#Bitsingen,Oupeye
Liège#Luik,Liège#Luik,Fléron,Fléron
Liège#Luik,Liège#Luik,Fléron,Beyne-Heusay
Liège#Luik,Liège#Luik,Fléron,Blégny
Liège#Luik,Liège#Luik,Fléron,Chaudfontaine
Liège#Luik,Liège#Luik,Fléron,Soumagne
Liège#Luik,Liège#Luik,Fléron,Trooz
Liège#Luik,Liège#Luik,Herstal,Herstal
Liège#Luik,Liège#Luik,Grâce-Hollogne,Grâce-Hollogne
Liège#Luik,Liège#Luik,Grâce-Hollogne,Awans
Liège#Luik,Liège#Luik,Grâce-Hollogne,Flémalle
Liège#Luik,Liège#Luik,Aywaille,Aywaille
Liège#Luik,Liège#Luik,Aywaille,Comblain-au-Pont
Liège#Luik,Liège#Luik,Aywaille,Esneux
Liège#Luik,Liège#Luik,Aywaille,Sprimont
Liège#Luik,Liège#Luik,Saint-Nicolas,Saint-Nicolas
Liège#Luik,Liège#Luik,Saint-Nicolas,Ans
Liège#Luik,Liège#Luik,Seraing,Seraing
Liège#Luik,Liège#Luik,Seraing,Neupré
Liège#Luik,Huy-Waremme#Hoei-Borgworm,Huy#Hoei,Huy#Hoei
Liège#Luik,Huy-Waremme#Hoei-Borgworm,Huy#Hoei,Amay
Liège#Luik,Huy-Waremme#Hoei-Borgworm,Huy#Hoei,Marchin
Liège#Luik,Huy-Waremme#Hoei-Borgworm,Huy#Hoei,Wanze
Liège#Luik,Huy-Waremme#Hoei-Borgworm,Ferrières,Ferrières
Liège#Luik,Huy-Waremme#Hoei-Borgworm,Héron,Héron
Liège#Luik,Huy-Waremme#Hoei-Borgworm,Héron,Burdinne
Liège#Luik,Huy-Waremme#Hoei-Borgworm,Verlaine,Verlaine
Liège#Luik,Huy-Waremme#Hoei-Borgworm,Verlaine,Villers-le-Bouillet
Liège#Luik,Huy-Waremme#Hoei-Borgworm,Nandrin,Nandrin
Liège#Luik,Huy-Waremme#Hoei-Borgworm,Nandrin,Anthisnes
Liège#Luik,Huy-Waremme#Hoei-Borgworm,Nandrin,Clavier
Liège#Luik,Huy-Waremme#Hoei-Borgworm,Nandrin,Engis
Liège#Luik,Huy-Waremme#Hoei-Borgworm,Nandrin,Hamoir
Liège#Luik,Huy-Waremme#Hoei-Borgworm,Nandrin,Modave
Liège#Luik,Huy-Waremme#Hoei-Borgworm,Nandrin,Ouffet
Liège#Luik,Huy-Waremme#Hoei-Borgworm,Nandrin,Tinlot
Liège#Luik,Huy-Waremme#Hoei-Borgworm,Waremme#Borgworm,Waremme#Borgworm
Liège#Luik,Huy-Waremme#Hoei-Borgworm,Waremme#Borgworm,Berloz
Liège#Luik,Huy-Waremme#Hoei-Borgworm,Waremme#Borgworm,Crisnée
Liège#Luik,Huy-Waremme#Hoei-Borgworm,Waremme#Borgworm,Donceel
Liège#Luik,Huy-Waremme#Hoei-Borgworm,Waremme#Borgworm,Faimes
Liège#Luik,Huy-Waremme#Hoei-Borgworm,Waremme#Borgworm,Fexhe-le-Haut-Clocher
Liège#Luik,Huy-Waremme#Hoei-Borgworm,Waremme#Borgworm,Geer
Liège#Luik,Huy-Waremme#Hoei-Borgworm,Waremme#Borgworm,Oreye#Oerle
Liège#Luik,Huy-Waremme#Hoei-Borgworm,Waremme#Borgworm,Remicourt
Liège#Luik,Huy-Waremme#Hoei-Borgworm,Waremme#Borgworm,Saint-Georges-sur-Meuse
Liège#Luik,Huy-Waremme#Hoei-Borgworm,Hannut#Hannuit,Hannut#Hannuit
Liège#Luik,Huy-Waremme#Hoei-Borgworm,Hannut#Hannuit,Braives
Liège#Luik,Huy-Waremme#Hoei-Borgworm,Hannut#Hannuit,Lincent#Lijsem
Liège#Luik,Huy-Waremme#Hoei-Borgworm,Hannut#Hannuit,Wasseiges
Liège#Luik,Huy#Hoei,Huy#Hoei,Huy#Hoei
Liège#Luik,Huy#Hoei,Huy#Hoei,Amay
Liège#Luik,Huy#Hoei,Huy#Hoei,Marchin
Liège#Luik,Huy#Hoei,Huy#Hoei,Wanze
Liège#Luik,Huy#Hoei,Ferrières,Ferrières
Liège#Luik,Huy#Hoei,Héron,Héron
Liège#Luik,Huy#Hoei,Héron,Burdinne
Liège#Luik,Huy#Hoei,Verlaine,Verlaine
Liège#Luik,Huy#Hoei,Verlaine,Villers-le-Bouillet
Liège#Luik,Huy#Hoei,Nandrin,Nandrin
Liège#Luik,Huy#Hoei,Nandrin,Anthisnes
Liège#Luik,Huy#Hoei,Nandrin,Clavier
Liège#Luik,Huy#Hoei,Nandrin,Engis
Liège#Luik,Huy#Hoei,Nandrin,Hamoir
Liège#Luik,Huy#Hoei,Nandrin,Modave
Liège#Luik,Huy#Hoei,Nandrin,Ouffet
Liège#Luik,Huy#Hoei,Nandrin,Tinlot
Liège#Luik,Waremme#Borgworm,Waremme#Borgworm,Waremme#Borgworm
Liège#Luik,Waremme#Borgworm,Waremme#Borgworm,Berloz
Liège#Luik,Waremme#Borgworm,Waremme#Borgworm,Crisnée
Liège#Luik,Waremme#Borgworm,Waremme#Borgworm,Donceel
Liège#Luik,Waremme#Borgworm,Waremme#Borgworm,Faimes
Liège#Luik,Waremme#Borgworm,Waremme#Borgworm,Fexhe-le-Haut-Clocher
Liège#Luik,Waremme#Borgworm,Waremme#Borgworm,Geer
Liège#Luik,Waremme#Borgworm,Waremme#Borgworm,Oreye#Oerle
Liège#Luik,Waremme#Borgworm,Waremme#Borgworm,Remicourt
Liège#Luik,Waremme#Borgworm,Waremme#Borgworm,Saint-Georges-sur-Meuse
Liège#Luik,Waremme#Borgworm,Hannut#Hannuit,Hannut#Hannuit
Liège#Luik,Waremme#Borgworm,Hannut#Hannuit,Braives
Liège#Luik,Waremme#Borgworm,Hannut#Hannuit,Lincent#Lijsem
Liège#Luik,Waremme#Borgworm,Hannut#Hannuit,Wasseiges
Liège#Luik,Verviers,Verviers,Verviers
Liège#Luik,Verviers,Verviers,Olne
Liège#Luik,Verviers,Aubel,Aubel
Liège#Luik,Verviers,Aubel,Plombières
Liège#Luik,Verviers,Dison,Dison
Liège#Luik,Verviers,Eupen,Eupen
Liège#Luik,Verviers,Eupen,Kelmis#La Calamine
Liège#Luik,Verviers,Eupen,Lontzen
Liège#Luik,Verviers,Eupen,Raeren
Liège#Luik,Verviers,Herve,Herve
Liège#Luik,Verviers,Herve,Thimister-Clermont
Liège#Luik,Verviers,Limbourg#Limburg,Limbourg#Limburg
Liège#Luik,Verviers,Limbourg#Limburg,Baelen
Liège#Luik,Verviers,Limbourg#Limburg,Jalhay
Liège#Luik,Verviers,Limbourg#Limburg,Welkenraedt
Liège#Luik,Verviers,Malmedy,Malmedy
Liège#Luik,Verviers,Malmedy,Waimes#Weismes
Liège#Luik,Verviers,Sankt Vith#Saint-Vith,Sankt Vith#Saint-Vith
Liège#Luik,Verviers,Sankt Vith#Saint-Vith,Amel#Amblève
Liège#Luik,Verviers,Sankt Vith#Saint-Vith,Büllingen#Bullange
Liège#Luik,Verviers,Sankt Vith#Saint-Vith,Burg-Reuland
Liège#Luik,Verviers,Sankt Vith#Saint-Vith,Bütgenbach#Butgenbach
Liège#Luik,Verviers,Spa,Spa
Liège#Luik,Verviers,Spa,Pepinster
Liège#Luik,Verviers,Spa,Theux
Liège#Luik,Verviers,Stavelot,Stavelot
Liège#Luik,Verviers,Stavelot,Lierneux
Liège#Luik,Verviers,Stavelot,Stoumont
Liège#Luik,Verviers,Stavelot,Trois-Ponts
Limburg#Limbourg,Hasselt-Tongeren-Maaseik#Hasselt-Tongres-Maaseik,Hasselt,Hasselt
Limburg#Limbourg,Hasselt-Tongeren-Maaseik#Hasselt-Tongres-Maaseik,Hasselt,Diepenbeek
Limburg#Limbourg,Hasselt-Tongeren-Maaseik#Hasselt-Tongres-Maaseik,Hasselt,Zonhoven
Limburg#Limbourg,Hasselt-Tongeren-Maaseik#Hasselt-Tongres-Maaseik,Beringen,Beringen
Limburg#Limbourg,Hasselt-Tongeren-Maaseik#Hasselt-Tongres-Maaseik,Beringen,Ham
Limburg#Limbourg,Hasselt-Tongeren-Maaseik#Hasselt-Tongres-Maaseik,Beringen,Heusden-Zolder
Limburg#Limbourg,Hasselt-Tongeren-Maaseik#Hasselt-Tongres-Maaseik,Beringen,Leopoldsburg#Bourg-Léopold
Limburg#Limbourg,Hasselt-Tongeren-Maaseik#Hasselt-Tongres-Maaseik,Beringen,Tessenderlo
Limburg#Limbourg,Hasselt-Tongeren-Maaseik#Hasselt-Tongres-Maaseik,Genk,Genk
Limburg#Limbourg,Hasselt-Tongeren-Maaseik#Hasselt-Tongres-Maaseik,Genk,As
Limburg#Limbourg,Hasselt-Tongeren-Maaseik#Hasselt-Tongres-Maaseik,Genk,Opglabbeek
Limburg#Limbourg,Hasselt-Tongeren-Maaseik#Hasselt-Tongres-Maaseik,Genk,Zutendaal
Limburg#Limbourg,Hasselt-Tongeren-Maaseik#Hasselt-Tongres-Maaseik,Herk-de-Stad#Herck-la-Ville,Herk-de-Stad#Herck-la-Ville
Limburg#Limbourg,Hasselt-Tongeren-Maaseik#Hasselt-Tongres-Maaseik,Herk-de-Stad#Herck-la-Ville,Halen
Limburg#Limbourg,Hasselt-Tongeren-Maaseik#Hasselt-Tongres-Maaseik,Herk-de-Stad#Herck-la-Ville,Lummen
Limburg#Limbourg,Hasselt-Tongeren-Maaseik#Hasselt-Tongres-Maaseik,Sint-Truiden#Saint-Trond,Sint-Truiden#Saint-Trond
Limburg#Limbourg,Hasselt-Tongeren-Maaseik#Hasselt-Tongres-Maaseik,Sint-Truiden#Saint-Trond,Gingelom
Limburg#Limbourg,Hasselt-Tongeren-Maaseik#Hasselt-Tongres-Maaseik,Sint-Truiden#Saint-Trond,Nieuwerkerken
Limburg#Limbourg,Hasselt-Tongeren-Maaseik#Hasselt-Tongres-Maaseik,Tongeren#Tongres,Tongeren#Tongres
Limburg#Limbourg,Hasselt-Tongeren-Maaseik#Hasselt-Tongres-Maaseik,Tongeren#Tongres,Herstappe
Limburg#Limbourg,Hasselt-Tongeren-Maaseik#Hasselt-Tongres-Maaseik,Bilzen,Bilzen
Limburg#Limbourg,Hasselt-Tongeren-Maaseik#Hasselt-Tongres-Maaseik,Bilzen,Hoeselt
Limburg#Limbourg,Hasselt-Tongeren-Maaseik#Hasselt-Tongres-Maaseik,Borgloon#Looz,Borgloon#Looz
Limburg#Limbourg,Hasselt-Tongeren-Maaseik#Hasselt-Tongres-Maaseik,Borgloon#Looz,Alken
Limburg#Limbourg,Hasselt-Tongeren-Maaseik#Hasselt-Tongres-Maaseik,Borgloon#Looz,Heers
Limburg#Limbourg,Hasselt-Tongeren-Maaseik#Hasselt-Tongres-Maaseik,Borgloon#Looz,Kortessem
Limburg#Limbourg,Hasselt-Tongeren-Maaseik#Hasselt-Tongres-Maaseik,Borgloon#Looz,Wellen
Limburg#Limbourg,Hasselt-Tongeren-Maaseik#Hasselt-Tongres-Maaseik,Maasmechelen,Maasmechelen
Limburg#Limbourg,Hasselt-Tongeren-Maaseik#Hasselt-Tongres-Maaseik,Maasmechelen,Lanaken
Limburg#Limbourg,Hasselt-Tongeren-Maaseik#Hasselt-Tongres-Maaseik,Riemst,Riemst
Limburg#Limbourg,Hasselt-Tongeren-Maaseik#Hasselt-Tongres-Maaseik,Voeren#Fourons,Voeren#Fourons
Limburg#Limbourg,Hasselt-Tongeren-Maaseik#Hasselt-Tongres-Maaseik,Maaseik,Maaseik
Limburg#Limbourg,Hasselt-Tongeren-Maaseik#Hasselt-Tongres-Maaseik,Maaseik,Dilsen-Stokkem
Limburg#Limbourg,Hasselt-Tongeren-Maaseik#Hasselt-Tongres-Maaseik,Maaseik,Kinrooi
Limburg#Limbourg,Hasselt-Tongeren-Maaseik#Hasselt-Tongres-Maaseik,Bree,Bree
Limburg#Limbourg,Hasselt-Tongeren-Maaseik#Hasselt-Tongres-Maaseik,Bree,Bocholt
Limburg#Limbourg,Hasselt-Tongeren-Maaseik#Hasselt-Tongres-Maaseik,Bree,Meeuwen-Gruitrode
Limburg#Limbourg,Hasselt-Tongeren-Maaseik#Hasselt-Tongres-Maaseik,Neerpelt,Neerpelt
Limburg#Limbourg,Hasselt-Tongeren-Maaseik#Hasselt-Tongres-Maaseik,Neerpelt,Hamont-Achel
Limburg#Limbourg,Hasselt-Tongeren-Maaseik#Hasselt-Tongres-Maaseik,Neerpelt,Lommel
Limburg#Limbourg,Hasselt-Tongeren-Maaseik#Hasselt-Tongres-Maaseik,Neerpelt,Overpelt
Limburg#Limbourg,Hasselt-Tongeren-Maaseik#Hasselt-Tongres-Maaseik,Peer,Peer
Limburg#Limbourg,Hasselt-Tongeren-Maaseik#Hasselt-Tongres-Maaseik,Peer,Hechtel-Eksel
Limburg#Limbourg,Hasselt-Tongeren-Maaseik#Hasselt-Tongres-Maaseik,Peer,Houthalen-Helchteren
Limburg#Limbourg,Hasselt,Hasselt,Hasselt
Limburg#Limbourg,Hasselt,Hasselt,Diepenbeek
Limburg#Limbourg,Hasselt,Hasselt,Zonhoven
Limburg#Limbourg,Hasselt,Beringen,Beringen
Limburg#Limbourg,Hasselt,Beringen,Ham
Limburg#Limbourg,Hasselt,Beringen,Heusden-Zolder
Limburg#Limbourg,Hasselt,Beringen,Leopoldsburg#Bourg-Léopold
Limburg#Limbourg,Hasselt,Beringen,Tessenderlo
Limburg#Limbourg,Hasselt,Genk,Genk
Limburg#Limbourg,Hasselt,Genk,As
Limburg#Limbourg,Hasselt,Genk,Opglabbeek
Limburg#Limbourg,Hasselt,Genk,Zutendaal
Limburg#Limbourg,Hasselt,Herk-de-Stad#Herck-la-Ville,Herk-de-Stad#Herck-la-Ville
Limburg#Limbourg,Hasselt,Herk-de-Stad#Herck-la-Ville,Halen
Limburg#Limbourg,Hasselt,Herk-de-Stad#Herck-la-Ville,Lummen
Limburg#Limbourg,Hasselt,Sint-Truiden#Saint-Trond,Sint-Truiden#Saint-Trond
Limburg#Limbourg,Hasselt,Sint-Truiden#Saint-Trond,Gingelom
Limburg#Limbourg,Hasselt,Sint-Truiden#Saint-Trond,Nieuwerkerken
Limburg#Limbourg,Tongeren-Maaseik#Tongres-Maaseik,Tongeren#Tongres,Tongeren#Tongres
Limburg#Limbourg,Tongeren-Maaseik#Tongres-Maaseik,Tongeren#Tongres,Herstappe
Limburg#Limbourg,Tongeren-Maaseik#Tongres-Maaseik,Bilzen,Bilzen
Limburg#Limbourg,Tongeren-Maaseik#Tongres-Maaseik,Bilzen,Hoeselt
Limburg#Limbourg,Tongeren-Maaseik#Tongres-Maaseik,Borgloon#Looz,Borgloon#Looz
Limburg#Limbourg,Tongeren-Maaseik#Tongres-Maaseik,Borgloon#Looz,Alken
Limburg#Limbourg,Tongeren-Maaseik#Tongres-Maaseik,Borgloon#Looz,Heers
Limburg#Limbourg,Tongeren-Maaseik#Tongres-Maaseik,Borgloon#Looz,Kortessem
Limburg#Limbourg,Tongeren-Maaseik#Tongres-Maaseik,Borgloon#Looz,Wellen
Limburg#Limbourg,Tongeren-Maaseik#Tongres-Maaseik,Maasmechelen,Maasmechelen
Limburg#Limbourg,Tongeren-Maaseik#Tongres-Maaseik,Maasmechelen,Lanaken
Limburg#Limbourg,Tongeren-Maaseik#Tongres-Maaseik,Riemst,Riemst
Limburg#Limbourg,Tongeren-Maaseik#Tongres-Maaseik,Voeren#Fourons,Voeren#Fourons
Limburg#Limbourg,Tongeren-Maaseik#Tongres-Maaseik,Maaseik,Maaseik
Limburg#Limbourg,Tongeren-Maaseik#Tongres-Maaseik,Maaseik,Dilsen-Stokkem
Limburg#Limbourg,Tongeren-Maaseik#Tongres-Maaseik,Maaseik,Kinrooi
Limburg#Limbourg,Tongeren-Maaseik#Tongres-Maaseik,Bree,Bree
Limburg#Limbourg,Tongeren-Maaseik#Tongres-Maaseik,Bree,Bocholt
Limburg#Limbourg,Tongeren-Maaseik#Tongres-Maaseik,Bree,Meeuwen-Gruitrode
Limburg#Limbourg,Tongeren-Maaseik#Tongres-Maaseik,Neerpelt,Neerpelt
Limburg#Limbourg,Tongeren-Maaseik#Tongres-Maaseik,Neerpelt,Hamont-Achel
Limburg#Limbourg,Tongeren-Maaseik#Tongres-Maaseik,Neerpelt,Lommel
Limburg#Limbourg,Tongeren-Maaseik#Tongres-Maaseik,Neerpelt,Overpelt
Limburg#Limbourg,Tongeren-Maaseik#Tongres-Maaseik,Peer,Peer
Limburg#Limbourg,Tongeren-Maaseik#Tongres-Maaseik,Peer,Hechtel-Eksel
Limburg#Limbourg,Tongeren-Maaseik#Tongres-Maaseik,Peer,Houthalen-Helchteren
Limburg#Limbourg,Tongeren#Tongres,Tongeren#Tongres,Tongeren#Tongres
Limburg#Limbourg,Tongeren#Tongres,Tongeren#Tongres,Herstappe
Limburg#Limbourg,Tongeren#Tongres,Bilzen,Bilzen
Limburg#Limbourg,Tongeren#Tongres,Bilzen,Hoeselt
Limburg#Limbourg,Tongeren#Tongres,Borgloon#Looz,Borgloon#Looz
Limburg#Limbourg,Tongeren#Tongres,Borgloon#Looz,Alken
Limburg#Limbourg,Tongeren#Tongres,Borgloon#Looz,Heers
Limburg#Limbourg,Tongeren#Tongres,Borgloon#Looz,Kortessem
Limburg#Limbourg,Tongeren#Tongres,Borgloon#Looz,Wellen
Limburg#Limbourg,Tongeren#Tongres,Maasmechelen,Maasmechelen
Limburg#Limbourg,Tongeren#Tongres,Maasmechelen,Lanaken
Limburg#Limbourg,Tongeren#Tongres,Riemst,Riemst
Limburg#Limbourg,Tongeren#Tongres,Voeren#Fourons,Voeren#Fourons
Limburg#Limbourg,Maaseik,Maaseik,Maaseik
Limburg#Limbourg,Maaseik,Maaseik,Dilsen-Stokkem
Limburg#Limbourg,Maaseik,Maaseik,Kinrooi
Limburg#Limbourg,Maaseik,Bree,Bree
Limburg#Limbourg,Maaseik,Bree,Bocholt
Limburg#Limbourg,Maaseik,Bree,Meeuwen-Gruitrode
Limburg#Limbourg,Maaseik,Neerpelt,Neerpelt
Limburg#Limbourg,Maaseik,Neerpelt,Hamont-Achel
Limburg#Limbourg,Maaseik,Neerpelt,Lommel
Limburg#Limbourg,Maaseik,Neerpelt,Overpelt
Limburg#Limbourg,Maaseik,Peer,Peer
Limburg#Limbourg,Maaseik,Peer,Hechtel-Eksel
Limburg#Limbourg,Maaseik,Peer,Houthalen-Helchteren
Luxembourg#Luxemburg,Arlon-Marche-Bastogne-Neufchâteau-Virton#Aarlen-Marche-Bastogne-Neufchâteau-Virton,Arlon#Aarlen,Arlon#Aarlen
Luxembourg#Luxemburg,Arlon-Marche-Bastogne-Neufchâteau-Virton#Aarlen-Marche-Bastogne-Neufchâteau-Virton,Arlon#Aarlen,Attert
Luxembourg#Luxemburg,Arlon-Marche-Bastogne-Neufchâteau-Virton#Aarlen-Marche-Bastogne-Neufchâteau-Virton,Arlon#Aarlen,Martelange
Luxembourg#Luxemburg,Arlon-Marche-Bastogne-Neufchâteau-Virton#Aarlen-Marche-Bastogne-Neufchâteau-Virton,Messancy,Messancy
Luxembourg#Luxemburg,Arlon-Marche-Bastogne-Neufchâteau-Virton#Aarlen-Marche-Bastogne-Neufchâteau-Virton,Messancy,Aubange
Luxembourg#Luxemburg,Arlon-Marche-Bastogne-Neufchâteau-Virton#Aarlen-Marche-Bastogne-Neufchâteau-Virton,Marche-en-Famenne,Marche-en-Famenne
Luxembourg#Luxemburg,Arlon-Marche-Bastogne-Neufchâteau-Virton#Aarlen-Marche-Bastogne-Neufchâteau-Virton,Marche-en-Famenne,Hotton
Luxembourg#Luxemburg,Arlon-Marche-Bastogne-Neufchâteau-Virton#Aarlen-Marche-Bastogne-Neufchâteau-Virton,Durbuy,Durbuy
Luxembourg#Luxemburg,Arlon-Marche-Bastogne-Neufchâteau-Virton#Aarlen-Marche-Bastogne-Neufchâteau-Virton,Erezée,Erezée
Luxembourg#Luxemburg,Arlon-Marche-Bastogne-Neufchâteau-Virton#Aarlen-Marche-Bastogne-Neufchâteau-Virton,Erezée,Manhay
Luxembourg#Luxemburg,Arlon-Marche-Bastogne-Neufchâteau-Virton#Aarlen-Marche-Bastogne-Neufchâteau-Virton,La Roche-en-Ardenne,La Roche-en-Ardenne
Luxembourg#Luxemburg,Arlon-Marche-Bastogne-Neufchâteau-Virton#Aarlen-Marche-Bastogne-Neufchâteau-Virton,La Roche-en-Ardenne,Rendeux
Luxembourg#Luxemburg,Arlon-Marche-Bastogne-Neufchâteau-Virton#Aarlen-Marche-Bastogne-Neufchâteau-Virton,La Roche-en-Ardenne,Tenneville
Luxembourg#Luxemburg,Arlon-Marche-Bastogne-Neufchâteau-Virton#Aarlen-Marche-Bastogne-Neufchâteau-Virton,Nassogne,Nassogne
Luxembourg#Luxemburg,Arlon-Marche-Bastogne-Neufchâteau-Virton#Aarlen-Marche-Bastogne-Neufchâteau-Virton,Bastogne#Bastenaken,Bastogne#Bastenaken
Luxembourg#Luxemburg,Arlon-Marche-Bastogne-Neufchâteau-Virton#Aarlen-Marche-Bastogne-Neufchâteau-Virton,Bastogne#Bastenaken,Bertogne
Luxembourg#Luxemburg,Arlon-Marche-Bastogne-Neufchâteau-Virton#Aarlen-Marche-Bastogne-Neufchâteau-Virton,Fauvillers,Fauvillers
Luxembourg#Luxemburg,Arlon-Marche-Bastogne-Neufchâteau-Virton#Aarlen-Marche-Bastogne-Neufchâteau-Virton,Houffalize,Houffalize
Luxembourg#Luxemburg,Arlon-Marche-Bastogne-Neufchâteau-Virton#Aarlen-Marche-Bastogne-Neufchâteau-Virton,Sainte-Ode,Sainte-Ode
Luxembourg#Luxemburg,Arlon-Marche-Bastogne-Neufchâteau-Virton#Aarlen-Marche-Bastogne-Neufchâteau-Virton,Sainte-Ode,Vaux-sur-Sûre
Luxembourg#Luxemburg,Arlon-Marche-Bastogne-Neufchâteau-Virton#Aarlen-Marche-Bastogne-Neufchâteau-Virton,Vielsalm,Vielsalm
Luxembourg#Luxemburg,Arlon-Marche-Bastogne-Neufchâteau-Virton#Aarlen-Marche-Bastogne-Neufchâteau-Virton,Vielsalm,Gouvy
Luxembourg#Luxemburg,Arlon-Marche-Bastogne-Neufchâteau-Virton#Aarlen-Marche-Bastogne-Neufchâteau-Virton,Neufchâteau,Neufchâteau
Luxembourg#Luxemburg,Arlon-Marche-Bastogne-Neufchâteau-Virton#Aarlen-Marche-Bastogne-Neufchâteau-Virton,Neufchâteau,Léglise
Luxembourg#Luxemburg,Arlon-Marche-Bastogne-Neufchâteau-Virton#Aarlen-Marche-Bastogne-Neufchâteau-Virton,Neufchâteau,Libramont-Chevigny
Luxembourg#Luxemburg,Arlon-Marche-Bastogne-Neufchâteau-Virton#Aarlen-Marche-Bastogne-Neufchâteau-Virton,Bouillon,Bouillon
Luxembourg#Luxemburg,Arlon-Marche-Bastogne-Neufchâteau-Virton#Aarlen-Marche-Bastogne-Neufchâteau-Virton,Paliseul,Paliseul
Luxembourg#Luxemburg,Arlon-Marche-Bastogne-Neufchâteau-Virton#Aarlen-Marche-Bastogne-Neufchâteau-Virton,Paliseul,Bertrix
Luxembourg#Luxemburg,Arlon-Marche-Bastogne-Neufchâteau-Virton#Aarlen-Marche-Bastogne-Neufchâteau-Virton,Paliseul,Herbeumont
Luxembourg#Luxemburg,Arlon-Marche-Bastogne-Neufchâteau-Virton#Aarlen-Marche-Bastogne-Neufchâteau-Virton,Saint-Hubert,Saint-Hubert
Luxembourg#Luxemburg,Arlon-Marche-Bastogne-Neufchâteau-Virton#Aarlen-Marche-Bastogne-Neufchâteau-Virton,Saint-Hubert,Libin
Luxembourg#Luxemburg,Arlon-Marche-Bastogne-Neufchâteau-Virton#Aarlen-Marche-Bastogne-Neufchâteau-Virton,Wellin,Wellin
Luxembourg#Luxemburg,Arlon-Marche-Bastogne-Neufchâteau-Virton#Aarlen-Marche-Bastogne-Neufchâteau-Virton,Wellin,Daverdisse
Luxembourg#Luxemburg,Arlon-Marche-Bastogne-Neufchâteau-Virton#Aarlen-Marche-Bastogne-Neufchâteau-Virton,Wellin,Tellin
Luxembourg#Luxemburg,Arlon-Marche-Bastogne-Neufchâteau-Virton#Aarlen-Marche-Bastogne-Neufchâteau-Virton,Virton,Virton
Luxembourg#Luxemburg,Arlon-Marche-Bastogne-Neufchâteau-Virton#Aarlen-Marche-Bastogne-Neufchâteau-Virton,Virton,Meix-devant-Virton
Luxembourg#Luxemburg,Arlon-Marche-Bastogne-Neufchâteau-Virton#Aarlen-Marche-Bastogne-Neufchâteau-Virton,Virton,Musson
Luxembourg#Luxemburg,Arlon-Marche-Bastogne-Neufchâteau-Virton#Aarlen-Marche-Bastogne-Neufchâteau-Virton,Virton,Rouvroy
Luxembourg#Luxemburg,Arlon-Marche-Bastogne-Neufchâteau-Virton#Aarlen-Marche-Bastogne-Neufchâteau-Virton,Virton,Saint-Léger
Luxembourg#Luxemburg,Arlon-Marche-Bastogne-Neufchâteau-Virton#Aarlen-Marche-Bastogne-Neufchâteau-Virton,Etalle,Etalle
Luxembourg#Luxemburg,Arlon-Marche-Bastogne-Neufchâteau-Virton#Aarlen-Marche-Bastogne-Neufchâteau-Virton,Etalle,Habay
Luxembourg#Luxemburg,Arlon-Marche-Bastogne-Neufchâteau-Virton#Aarlen-Marche-Bastogne-Neufchâteau-Virton,Etalle,Tintigny
Luxembourg#Luxemburg,Arlon-Marche-Bastogne-Neufchâteau-Virton#Aarlen-Marche-Bastogne-Neufchâteau-Virton,Florenville,Florenville
Luxembourg#Luxemburg,Arlon-Marche-Bastogne-Neufchâteau-Virton#Aarlen-Marche-Bastogne-Neufchâteau-Virton,Florenville,Chiny
Luxembourg#Luxemburg,Arlon-Marche-Bastogne#Aarlen-Marche-Bastogne,Arlon#Aarlen,Arlon#Aarlen
Luxembourg#Luxemburg,Arlon-Marche-Bastogne#Aarlen-Marche-Bastogne,Arlon#Aarlen,Attert
Luxembourg#Luxemburg,Arlon-Marche-Bastogne#Aarlen-Marche-Bastogne,Arlon#Aarlen,Martelange
Luxembourg#Luxemburg,Arlon-Marche-Bastogne#Aarlen-Marche-Bastogne,Messancy,Messancy
Luxembourg#Luxemburg,Arlon-Marche-Bastogne#Aarlen-Marche-Bastogne,Messancy,Aubange
Luxembourg#Luxemburg,Arlon-Marche-Bastogne#Aarlen-Marche-Bastogne,Marche-en-Famenne,Marche-en-Famenne
Luxembourg#Luxemburg,Arlon-Marche-Bastogne#Aarlen-Marche-Bastogne,Marche-en-Famenne,Hotton
Luxembourg#Luxemburg,Arlon-Marche-Bastogne#Aarlen-Marche-Bastogne,Durbuy,Durbuy
Luxembourg#Luxemburg,Arlon-Marche-Bastogne#Aarlen-Marche-Bastogne,Erezée,Erezée
Luxembourg#Luxemburg,Arlon-Marche-Bastogne#Aarlen-Marche-Bastogne,Erezée,Manhay
Luxembourg#Luxemburg,Arlon-Marche-Bastogne#Aarlen-Marche-Bastogne,La Roche-en-Ardenne,La Roche-en-Ardenne
Luxembourg#Luxemburg,Arlon-Marche-Bastogne#Aarlen-Marche-Bastogne,La Roche-en-Ardenne,Rendeux
Luxembourg#Luxemburg,Arlon-Marche-Bastogne#Aarlen-Marche-Bastogne,La Roche-en-Ardenne,Tenneville
Luxembourg#Luxemburg,Arlon-Marche-Bastogne#Aarlen-Marche-Bastogne,Nassogne,Nassogne
Luxembourg#Luxemburg,Arlon-Marche-Bastogne#Aarlen-Marche-Bastogne,Bastogne#Bastenaken,Bastogne#Bastenaken
Luxembourg#Luxemburg,Arlon-Marche-Bastogne#Aarlen-Marche-Bastogne,Bastogne#Bastenaken,Bertogne
Luxembourg#Luxemburg,Arlon-Marche-Bastogne#Aarlen-Marche-Bastogne,Fauvillers,Fauvillers
Luxembourg#Luxemburg,Arlon-Marche-Bastogne#Aarlen-Marche-Bastogne,Houffalize,Houffalize
Luxembourg#Luxemburg,Arlon-Marche-Bastogne#Aarlen-Marche-Bastogne,Sainte-Ode,Sainte-Ode
Luxembourg#Luxemburg,Arlon-Marche-Bastogne#Aarlen-Marche-Bastogne,Sainte-Ode,Vaux-sur-Sûre
Luxembourg#Luxemburg,Arlon-Marche-Bastogne#Aarlen-Marche-Bastogne,Vielsalm,Vielsalm
Luxembourg#Luxemburg,Arlon-Marche-Bastogne#Aarlen-Marche-Bastogne,Vielsalm,Gouvy
Luxembourg#Luxemburg,Arlon#Aarlen,Arlon#Aarlen,Arlon#Aarlen
Luxembourg#Luxemburg,Arlon#Aarlen,Arlon#Aarlen,Attert
Luxembourg#Luxemburg,Arlon#Aarlen,Arlon#Aarlen,Martelange
Luxembourg#Luxemburg,Arlon#Aarlen,Messancy,Messancy
Luxembourg#Luxemburg,Arlon#Aarlen,Messancy,Aubange
Luxembourg#Luxemburg,Marche-en-Famenne,Marche-en-Famenne,Marche-en-Famenne
Luxembourg#Luxemburg,Marche-en-Famenne,Marche-en-Famenne,Hotton
Luxembourg#Luxemburg,Marche-en-Famenne,Durbuy,Durbuy
Luxembourg#Luxemburg,Marche-en-Famenne,Erezée,Erezée
Luxembourg#Luxemburg,Marche-en-Famenne,Erezée,Manhay
Luxembourg#Luxemburg,Marche-en-Famenne,La Roche-en-Ardenne,La Roche-en-Ardenne
Luxembourg#Luxemburg,Marche-en-Famenne,La Roche-en-Ardenne,Rendeux
Luxembourg#Luxemburg,Marche-en-Famenne,La Roche-en-Ardenne,Tenneville
Luxembourg#Luxemburg,Marche-en-Famenne,Nassogne,Nassogne
Luxembourg#Luxemburg,Bastogne#Bastenaken,Bastogne#Bastenaken,Bastogne#Bastenaken
Luxembourg#Luxemburg,Bastogne#Bastenaken,Bastogne#Bastenaken,Bertogne
Luxembourg#Luxemburg,Bastogne#Bastenaken,Fauvillers,Fauvillers
Luxembourg#Luxemburg,Bastogne#Bastenaken,Houffalize,Houffalize
Luxembourg#Luxemburg,Bastogne#Bastenaken,Sainte-Ode,Sainte-Ode
Luxembourg#Luxemburg,Bastogne#Bastenaken,Sainte-Ode,Vaux-sur-Sûre
Luxembourg#Luxemburg,Bastogne#Bastenaken,Vielsalm,Vielsalm
Luxembourg#Luxemburg,Bastogne#Bastenaken,Vielsalm,Gouvy
Luxembourg#Luxemburg,Neufchâteau-Virton,Neufchâteau,Neufchâteau
Luxembourg#Luxemburg,Neufchâteau-Virton,Neufchâteau,Léglise
Luxembourg#Luxemburg,Neufchâteau-Virton,Neufchâteau,Libramont-Chevigny
Luxembourg#Luxemburg,Neufchâteau-Virton,Bouillon,Bouillon
Luxembourg#Luxemburg,Neufchâteau-Virton,Paliseul,Paliseul
Luxembourg#Luxemburg,Neufchâteau-Virton,Paliseul,Bertrix
Luxembourg#Luxemburg,Neufchâteau-Virton,Paliseul,Herbeumont
Luxembourg#Luxemburg,Neufchâteau-Virton,Saint-Hubert,Saint-Hubert
Luxembourg#Luxemburg,Neufchâteau-Virton,Saint-Hubert,Libin
Luxembourg#Luxemburg,Neufchâteau-Virton,Wellin,Wellin
Luxembourg#Luxemburg,Neufchâteau-Virton,Wellin,Daverdisse
Luxembourg#Luxemburg,Neufchâteau-Virton,Wellin,Tellin
Luxembourg#Luxemburg,Neufchâteau-Virton,Virton,Virton
Luxembourg#Luxemburg,Neufchâteau-Virton,Virton,Meix-devant-Virton
Luxembourg#Luxemburg,Neufchâteau-Virton,Virton,Musson
Luxembourg#Luxemburg,Neufchâteau-Virton,Virton,Rouvroy
Luxembourg#Luxemburg,Neufchâteau-Virton,Virton,Saint-Léger
Luxembourg#Luxemburg,Neufchâteau-Virton,Etalle,Etalle
Luxembourg#Luxemburg,Neufchâteau-Virton,Etalle,Habay
Luxembourg#Luxemburg,Neufchâteau-Virton,Etalle,Tintigny
Luxembourg#Luxemburg,Neufchâteau-Virton,Florenville,Florenville
Luxembourg#Luxemburg,Neufchâteau-Virton,Florenville,Chiny
Luxembourg#Luxemburg,Neufchâteau,Neufchâteau,Neufchâteau
Luxembourg#Luxemburg,Neufchâteau,Neufchâteau,Léglise
Luxembourg#Luxemburg,Neufchâteau,Neufchâteau,Libramont-Chevigny
Luxembourg#Luxemburg,Neufchâteau,Bouillon,Bouillon
Luxembourg#Luxemburg,Neufchâteau,Paliseul,Paliseul
Luxembourg#Luxemburg,Neufchâteau,Paliseul,Bertrix
Luxembourg#Luxemburg,Neufchâteau,Paliseul,Herbeumont
Luxembourg#Luxemburg,Neufchâteau,Saint-Hubert,Saint-Hubert
Luxembourg#Luxemburg,Neufchâteau,Saint-Hubert,Libin
Luxembourg#Luxemburg,Neufchâteau,Wellin,Wellin
Luxembourg#Luxemburg,Neufchâteau,Wellin,Daverdisse
Luxembourg#Luxemburg,Neufchâteau,Wellin,Tellin
Luxembourg#Luxemburg,Virton,Virton,Virton
Luxembourg#Luxemburg,Virton,Virton,Meix-devant-Virton
Luxembourg#Luxemburg,Virton,Virton,Musson
Luxembourg#Luxemburg,Virton,Virton,Rouvroy
Luxembourg#Luxemburg,Virton,Virton,Saint-Léger
Luxembourg#Luxemburg,Virton,Etalle,Etalle
Luxembourg#Luxemburg,Virton,Etalle,Habay
Luxembourg#Luxemburg,Virton,Etalle,Tintigny
Luxembourg#Luxemburg,Virton,Florenville,Florenville
Luxembourg#Luxemburg,Virton,Florenville,Chiny
Namur#Namen,Namur-Dinant-Philippeville#Namen-Dinant-Philippeville,Namur#Namen,Namur#Namen
Namur#Namen,Namur-Dinant-Philippeville#Namen-Dinant-Philippeville,Namur#Namen,Assesse
Namur#Namen,Namur-Dinant-Philippeville#Namen-Dinant-Philippeville,Andenne,Andenne
Namur#Namen,Namur-Dinant-Philippeville#Namen-Dinant-Philippeville,Andenne,Gesves
Namur#Namen,Namur-Dinant-Philippeville#Namen-Dinant-Philippeville,Andenne,Ohey
Namur#Namen,Namur-Dinant-Philippeville#Namen-Dinant-Philippeville,Eghezée,Eghezée
Namur#Namen,Namur-Dinant-Philippeville#Namen-Dinant-Philippeville,Eghezée,Fernelmont
Namur#Namen,Namur-Dinant-Philippeville#Namen-Dinant-Philippeville,Eghezée,La Bruyère
Namur#Namen,Namur-Dinant-Philippeville#Namen-Dinant-Philippeville,Fosses-la-Ville,Fosses-la-Ville
Namur#Namen,Namur-Dinant-Philippeville#Namen-Dinant-Philippeville,Fosses-la-Ville,Floreffe
Namur#Namen,Namur-Dinant-Philippeville#Namen-Dinant-Philippeville,Fosses-la-Ville,Mettet
Namur#Namen,Namur-Dinant-Philippeville#Namen-Dinant-Philippeville,Fosses-la-Ville,Profondeville
Namur#Namen,Namur-Dinant-Philippeville#Namen-Dinant-Philippeville,Gembloux,Gembloux
Namur#Namen,Namur-Dinant-Philippeville#Namen-Dinant-Philippeville,Gembloux,Sambreville
Namur#Namen,Namur-Dinant-Philippeville#Namen-Dinant-Philippeville,Gembloux,Jemeppe-sur-Sambre
Namur#Namen,Namur-Dinant-Philippeville#Namen-Dinant-Philippeville,Gembloux,Sombreffe
Namur#Namen,Namur-Dinant-Philippeville#Namen-Dinant-Philippeville,Dinant,Dinant
Namur#Namen,Namur-Dinant-Philippeville#Namen-Dinant-Philippeville,Dinant,Anhée
Namur#Namen,Namur-Dinant-Philippeville#Namen-Dinant-Philippeville,Dinant,Hastière
Namur#Namen,Namur-Dinant-Philippeville#Namen-Dinant-Philippeville,Dinant,Onhaye
Namur#Namen,Namur-Dinant-Philippeville#Namen-Dinant-Philippeville,Dinant,Yvoir
Namur#Namen,Namur-Dinant-Philippeville#Namen-Dinant-Philippeville,Beauraing,Beauraing
Namur#Namen,Namur-Dinant-Philippeville#Namen-Dinant-Philippeville,Beauraing,Houyet
Namur#Namen,Namur-Dinant-Philippeville#Namen-Dinant-Philippeville,Ciney,Ciney
Namur#Namen,Namur-Dinant-Philippeville#Namen-Dinant-Philippeville,Ciney,Hamois
Namur#Namen,Namur-Dinant-Philippeville#Namen-Dinant-Philippeville,Ciney,Havelange
Namur#Namen,Namur-Dinant-Philippeville#Namen-Dinant-Philippeville,Ciney,Somme-Leuze
Namur#Namen,Namur-Dinant-Philippeville#Namen-Dinant-Philippeville,Gedinne,Gedinne
Namur#Namen,Namur-Dinant-Philippeville#Namen-Dinant-Philippeville,Gedinne,Bièvre
Namur#Namen,Namur-Dinant-Philippeville#Namen-Dinant-Philippeville,Gedinne,Vresse-sur-Semois
Namur#Namen,Namur-Dinant-Philippeville#Namen-Dinant-Philippeville,Rochefort,Rochefort
Namur#Namen,Namur-Dinant-Philippeville#Namen-Dinant-Philippeville,Philippeville,Philippeville
Namur#Namen,Namur-Dinant-Philippeville#Namen-Dinant-Philippeville,Philippeville,Cerfontaine
Namur#Namen,Namur-Dinant-Philippeville#Namen-Dinant-Philippeville,Philippeville,Doische
Namur#Namen,Namur-Dinant-Philippeville#Namen-Dinant-Philippeville,Couvin,Couvin
Namur#Namen,Namur-Dinant-Philippeville#Namen-Dinant-Philippeville,Couvin,Viroinval
Namur#Namen,Namur-Dinant-Philippeville#Namen-Dinant-Philippeville,Florennes,Florennes
Namur#Namen,Namur-Dinant-Philippeville#Namen-Dinant-Philippeville,Walcourt,Walcourt
Namur#Namen,Namur#Namen,Namur#Namen,Namur#Namen
Namur#Namen,Namur#Namen,Namur#Namen,Assesse
Namur#Namen,Namur#Namen,Andenne,Andenne
Namur#Namen,Namur#Namen,Andenne,Gesves
Namur#Namen,Namur#Namen,Andenne,Ohey
Namur#Namen,Namur#Namen,Eghezée,Eghezée
Namur#Namen,Namur#Namen,Eghezée,Fernelmont
Namur#Namen,Namur#Namen,Eghezée,La Bruyère
Namur#Namen,Namur#Namen,Fosses-la-Ville,Fosses-la-Ville
Namur#Namen,Namur#Namen,Fosses-la-Ville,Floreffe
Namur#Namen,Namur#Namen,Fosses-la-Ville,Mettet
Namur#Namen,Namur#Namen,Fosses-la-Ville,Profondeville
Namur#Namen,Namur#Namen,Gembloux,Gembloux
Namur#Namen,Namur#Namen,Gembloux,Sambreville
Namur#Namen,Namur#Namen,Gembloux,Jemeppe-sur-Sambre
Namur#Namen,Namur#Namen,Gembloux,Sombreffe
Namur#Namen,Dinant-Philippeville,Dinant,Dinant
Namur#Namen,Dinant-Philippeville,Dinant,Anhée
Namur#Namen,Dinant-Philippeville,Dinant,Hastière
Namur#Namen,Dinant-Philippeville,Dinant,Onhaye
Namur#Namen,Dinant-Philippeville,Dinant,Yvoir
Namur#Namen,Dinant-Philippeville,Beauraing,Beauraing
Namur#Namen,Dinant-Philippeville,Beauraing,Houyet
Namur#Namen,Dinant-Philippeville,Ciney,Ciney
Namur#Namen,Dinant-Philippeville,Ciney,Hamois
Namur#Namen,Dinant-Philippeville,Ciney,Havelange
Namur#Namen,Dinant-Philippeville,Ciney,Somme-Leuze
Namur#Namen,Dinant-Philippeville,Gedinne,Gedinne
Namur#Namen,Dinant-Philippeville,Gedinne,Bièvre
Namur#Namen,Dinant-Philippeville,Gedinne,Vresse-sur-Semois
Namur#Namen,Dinant-Philippeville,Rochefort,Rochefort
Namur#Namen,Dinant-Philippeville,Philippeville,Philippeville
Namur#Namen,Dinant-Philippeville,Philippeville,Cerfontaine
Namur#Namen,Dinant-Philippeville,Philippeville,Doische
Namur#Namen,Dinant-Philippeville,Couvin,Couvin
Namur#Namen,Dinant-Philippeville,Couvin,Viroinval
Namur#Namen,Dinant-Philippeville,Florennes,Florennes
Namur#Namen,Dinant-Philippeville,Walcourt,Walcourt
Namur#Namen,Dinant,Dinant,Dinant
Namur#Namen,Dinant,Dinant,Anhée
Namur#Namen,Dinant,Dinant,Hastière
Namur#Namen,Dinant,Dinant,Onhaye
Namur#Namen,Dinant,Dinant,Yvoir
Namur#Namen,Dinant,Beauraing,Beauraing
Namur#Namen,Dinant,Beauraing,Houyet
Namur#Namen,Dinant,Ciney,Ciney
Namur#Namen,Dinant,Ciney,Hamois
Namur#Namen,Dinant,Ciney,Havelange
Namur#Namen,Dinant,Ciney,Somme-Leuze
Namur#Namen,Dinant,Gedinne,Gedinne
Namur#Namen,Dinant,Gedinne,Bièvre
Namur#Namen,Dinant,Gedinne,Vresse-sur-Semois
Namur#Namen,Dinant,Rochefort,Rochefort
Namur#Namen,Philippeville,Philippeville,Philippeville
Namur#Namen,Philippeville,Philippeville,Cerfontaine
Namur#Namen,Philippeville,Philippeville,Doische
Namur#Namen,Philippeville,Couvin,Couvin
Namur#Namen,Philippeville,Couvin,Viroinval
Namur#Namen,Philippeville,Florennes,Florennes
Namur#Namen,Philippeville,Walcourt,Walcourt
Oost-Vlaanderen#Flandre-Orientale,Gent-Eeklo#Gand-Eeklo,Gent#Gand,Gent#Gand
Oost-Vlaanderen#Flandre-Orientale,Gent-Eeklo#Gand-Eeklo,Deinze,Deinze
Oost-Vlaanderen#Flandre-Orientale,Gent-Eeklo#Gand-Eeklo,Deinze,Zulte
Oost-Vlaanderen#Flandre-Orientale,Gent-Eeklo#Gand-Eeklo,Evergem,Evergem
Oost-Vlaanderen#Flandre-Orientale,Gent-Eeklo#Gand-Eeklo,Destelbergen,Destelbergen
Oost-Vlaanderen#Flandre-Orientale,Gent-Eeklo#Gand-Eeklo,Lochristi,Lochristi
Oost-Vlaanderen#Flandre-Orientale,Gent-Eeklo#Gand-Eeklo,Lochristi,Moerbeke
Oost-Vlaanderen#Flandre-Orientale,Gent-Eeklo#Gand-Eeklo,Lochristi,Wachtebeke
Oost-Vlaanderen#Flandre-Orientale,Gent-Eeklo#Gand-Eeklo,Nazareth,Nazareth
Oost-Vlaanderen#Flandre-Orientale,Gent-Eeklo#Gand-Eeklo,Nazareth,De Pinte
Oost-Vlaanderen#Flandre-Orientale,Gent-Eeklo#Gand-Eeklo,Nazareth,Sint-Martens-Latem
Oost-Vlaanderen#Flandre-Orientale,Gent-Eeklo#Gand-Eeklo,Nevele,Nevele
Oost-Vlaanderen#Flandre-Orientale,Gent-Eeklo#Gand-Eeklo,Nevele,Aalter
Oost-Vlaanderen#Flandre-Orientale,Gent-Eeklo#Gand-Eeklo,Merelbeke,Merelbeke
Oost-Vlaanderen#Flandre-Orientale,Gent-Eeklo#Gand-Eeklo,Merelbeke,Gavere
Oost-Vlaanderen#Flandre-Orientale,Gent-Eeklo#Gand-Eeklo,Merelbeke,Melle
Oost-Vlaanderen#Flandre-Orientale,Gent-Eeklo#Gand-Eeklo,Merelbeke,Oosterzele
Oost-Vlaanderen#Flandre-Orientale,Gent-Eeklo#Gand-Eeklo,Oosterzele,Merelbeke
Oost-Vlaanderen#Flandre-Orientale,Gent-Eeklo#Gand-Eeklo,Oosterzele,Gavere
Oost-Vlaanderen#Flandre-Orientale,Gent-Eeklo#Gand-Eeklo,Oosterzele,Melle
Oost-Vlaanderen#Flandre-Orientale,Gent-Eeklo#Gand-Eeklo,Oosterzele,Oosterzele
Oost-Vlaanderen#Flandre-Orientale,Gent-Eeklo#Gand-Eeklo,Zomergem,Zomergem
Oost-Vlaanderen#Flandre-Orientale,Gent-Eeklo#Gand-Eeklo,Zomergem,Knesselare
Oost-Vlaanderen#Flandre-Orientale,Gent-Eeklo#Gand-Eeklo,Zomergem,Lovendegem
Oost-Vlaanderen#Flandre-Orientale,Gent-Eeklo#Gand-Eeklo,Waarschoot,Waarschoot
Oost-Vlaanderen#Flandre-Orientale,Gent-Eeklo#Gand-Eeklo,Eeklo,Eeklo
Oost-Vlaanderen#Flandre-Orientale,Gent-Eeklo#Gand-Eeklo,Eeklo,Maldegem
Oost-Vlaanderen#Flandre-Orientale,Gent-Eeklo#Gand-Eeklo,Eeklo,Sint-Laureins
Oost-Vlaanderen#Flandre-Orientale,Gent-Eeklo#Gand-Eeklo,Assenede,Assenede
Oost-Vlaanderen#Flandre-Orientale,Gent-Eeklo#Gand-Eeklo,Assenede,Zelzate
Oost-Vlaanderen#Flandre-Orientale,Gent-Eeklo#Gand-Eeklo,Kaprijke,Kaprijke
Oost-Vlaanderen#Flandre-Orientale,Gent#Gand,Gent#Gand,Gent#Gand
Oost-Vlaanderen#Flandre-Orientale,Gent#Gand,Deinze,Deinze
Oost-Vlaanderen#Flandre-Orientale,Gent#Gand,Deinze,Zulte
Oost-Vlaanderen#Flandre-Orientale,Gent#Gand,Evergem,Evergem
Oost-Vlaanderen#Flandre-Orientale,Gent#Gand,Destelbergen,Destelbergen
Oost-Vlaanderen#Flandre-Orientale,Gent#Gand,Lochristi,Lochristi
Oost-Vlaanderen#Flandre-Orientale,Gent#Gand,Lochristi,Moerbeke
Oost-Vlaanderen#Flandre-Orientale,Gent#Gand,Lochristi,Wachtebeke
Oost-Vlaanderen#Flandre-Orientale,Gent#Gand,Nazareth,Nazareth
Oost-Vlaanderen#Flandre-Orientale,Gent#Gand,Nazareth,De Pinte
Oost-Vlaanderen#Flandre-Orientale,Gent#Gand,Nazareth,Sint-Martens-Latem
Oost-Vlaanderen#Flandre-Orientale,Gent#Gand,Nevele,Nevele
Oost-Vlaanderen#Flandre-Orientale,Gent#Gand,Nevele,Aalter
Oost-Vlaanderen#Flandre-Orientale,Gent#Gand,Merelbeke,Merelbeke
Oost-Vlaanderen#Flandre-Orientale,Gent#Gand,Merelbeke,Gavere
Oost-Vlaanderen#Flandre-Orientale,Gent#Gand,Merelbeke,Melle
Oost-Vlaanderen#Flandre-Orientale,Gent#Gand,Merelbeke,Oosterzele
Oost-Vlaanderen#Flandre-Orientale,Gent#Gand,Zomergem,Zomergem
Oost-Vlaanderen#Flandre-Orientale,Gent#Gand,Zomergem,Knesselare
Oost-Vlaanderen#Flandre-Orientale,Gent#Gand,Zomergem,Lovendegem
Oost-Vlaanderen#Flandre-Orientale,Gent#Gand,Waarschoot,Waarschoot
Oost-Vlaanderen#Flandre-Orientale,Eeklo,Eeklo,Eeklo
Oost-Vlaanderen#Flandre-Orientale,Eeklo,Eeklo,Maldegem
Oost-Vlaanderen#Flandre-Orientale,Eeklo,Eeklo,Sint-Laureins
Oost-Vlaanderen#Flandre-Orientale,Eeklo,Assenede,Assenede
Oost-Vlaanderen#Flandre-Orientale,Eeklo,Assenede,Zelzate
Oost-Vlaanderen#Flandre-Orientale,Eeklo,Kaprijke,Kaprijke
Oost-Vlaanderen#Flandre-Orientale,Sint-Niklaas-Dendermonde#Saint-Nicolas-Termonde,Sint-Niklaas,Sint-Niklaas
Oost-Vlaanderen#Flandre-Orientale,Sint-Niklaas-Dendermonde#Saint-Nicolas-Termonde,Beveren,Beveren
Oost-Vlaanderen#Flandre-Orientale,Sint-Niklaas-Dendermonde#Saint-Nicolas-Termonde,Lokeren,Lokeren
Oost-Vlaanderen#Flandre-Orientale,Sint-Niklaas-Dendermonde#Saint-Nicolas-Termonde,Sint-Gillis-Waas,Sint-Gillis-Waas
Oost-Vlaanderen#Flandre-Orientale,Sint-Niklaas-Dendermonde#Saint-Nicolas-Termonde,Sint-Gillis-Waas,Stekene
Oost-Vlaanderen#Flandre-Orientale,Sint-Niklaas-Dendermonde#Saint-Nicolas-Termonde,Temse#Tamise,Temse#Tamise
Oost-Vlaanderen#Flandre-Orientale,Sint-Niklaas-Dendermonde#Saint-Nicolas-Termonde,Temse#Tamise,Kruibeke
Oost-Vlaanderen#Flandre-Orientale,Sint-Niklaas-Dendermonde#Saint-Nicolas-Termonde,Dendermonde#Termonde,Dendermonde#Termonde
Oost-Vlaanderen#Flandre-Orientale,Sint-Niklaas-Dendermonde#Saint-Nicolas-Termonde,Dendermonde#Termonde,Buggenhout
Oost-Vlaanderen#Flandre-Orientale,Sint-Niklaas-Dendermonde#Saint-Nicolas-Termonde,Dendermonde#Termonde,Lebbeke
Oost-Vlaanderen#Flandre-Orientale,Sint-Niklaas-Dendermonde#Saint-Nicolas-Termonde,Hamme,Hamme
Oost-Vlaanderen#Flandre-Orientale,Sint-Niklaas-Dendermonde#Saint-Nicolas-Termonde,Hamme,Waasmunster
Oost-Vlaanderen#Flandre-Orientale,Sint-Niklaas-Dendermonde#Saint-Nicolas-Termonde,Wetteren,Wetteren
Oost-Vlaanderen#Flandre-Orientale,Sint-Niklaas-Dendermonde#Saint-Nicolas-Termonde,Wetteren,Laarne
Oost-Vlaanderen#Flandre-Orientale,Sint-Niklaas-Dendermonde#Saint-Nicolas-Termonde,Wetteren,Wichelen
Oost-Vlaanderen#Flandre-Orientale,Sint-Niklaas-Dendermonde#Saint-Nicolas-Termonde,Zele,Zele
Oost-Vlaanderen#Flandre-Orientale,Sint-Niklaas-Dendermonde#Saint-Nicolas-Termonde,Zele,Berlare
Oost-Vlaanderen#Flandre-Orientale,Sint-Niklaas,Sint-Niklaas,Sint-Niklaas
Oost-Vlaanderen#Flandre-Orientale,Sint-Niklaas,Beveren,Beveren
Oost-Vlaanderen#Flandre-Orientale,Sint-Niklaas,Lokeren,Lokeren
Oost-Vlaanderen#Flandre-Orientale,Sint-Niklaas,Sint-Gillis-Waas,Sint-Gillis-Waas
Oost-Vlaanderen#Flandre-Orientale,Sint-Niklaas,Sint-Gillis-Waas,Stekene
Oost-Vlaanderen#Flandre-Orientale,Sint-Niklaas,Temse#Tamise,Temse#Tamise
Oost-Vlaanderen#Flandre-Orientale,Sint-Niklaas,Temse#Tamise,Kruibeke
Oost-Vlaanderen#Flandre-Orientale,Dendermonde#Termonde,Dendermonde#Termonde,Dendermonde#Termonde
Oost-Vlaanderen#Flandre-Orientale,Dendermonde#Termonde,Dendermonde#Termonde,Buggenhout
Oost-Vlaanderen#Flandre-Orientale,Dendermonde#Termonde,Dendermonde#Termonde,Lebbeke
Oost-Vlaanderen#Flandre-Orientale,Dendermonde#Termonde,Hamme,Hamme
Oost-Vlaanderen#Flandre-Orientale,Dendermonde#Termonde,Hamme,Waasmunster
Oost-Vlaanderen#Flandre-Orientale,Dendermonde#Termonde,Wetteren,Wetteren
Oost-Vlaanderen#Flandre-Orientale,Dendermonde#Termonde,Wetteren,Laarne
Oost-Vlaanderen#Flandre-Orientale,Dendermonde#Termonde,Wetteren,Wichelen
Oost-Vlaanderen#Flandre-Orientale,Dendermonde#Termonde,Zele,Zele
Oost-Vlaanderen#Flandre-Orientale,Dendermonde#Termonde,Zele,Berlare
Oost-Vlaanderen#Flandre-Orientale,Aalst-Oudenaarde#Alost-Audenarde,Aalst#Alost,Aalst#Alost
Oost-Vlaanderen#Flandre-Orientale,Aalst-Oudenaarde#Alost-Audenarde,Aalst#Alost,Erpe-Mere
Oost-Vlaanderen#Flandre-Orientale,Aalst-Oudenaarde#Alost-Audenarde,Aalst#Alost,Lede
Oost-Vlaanderen#Flandre-Orientale,Aalst-Oudenaarde#Alost-Audenarde,Geraardsbergen#Grammont,Geraardsbergen#Grammont
Oost-Vlaanderen#Flandre-Orientale,Aalst-Oudenaarde#Alost-Audenarde,Herzele,Herzele
Oost-Vlaanderen#Flandre-Orientale,Aalst-Oudenaarde#Alost-Audenarde,Herzele,Haaltert
Oost-Vlaanderen#Flandre-Orientale,Aalst-Oudenaarde#Alost-Audenarde,Herzele,Sint-Lievens-Houtem
Oost-Vlaanderen#Flandre-Orientale,Aalst-Oudenaarde#Alost-Audenarde,Ninove,Ninove
Oost-Vlaanderen#Flandre-Orientale,Aalst-Oudenaarde#Alost-Audenarde,Ninove,Denderleeuw
Oost-Vlaanderen#Flandre-Orientale,Aalst-Oudenaarde#Alost-Audenarde,Zottegem,Zottegem
Oost-Vlaanderen#Flandre-Orientale,Aalst-Oudenaarde#Alost-Audenarde,Oudenaarde#Audenarde,Oudenaarde#Audenarde
Oost-Vlaanderen#Flandre-Orientale,Aalst-Oudenaarde#Alost-Audenarde,Oudenaarde#Audenarde,Maarkedal
Oost-Vlaanderen#Flandre-Orientale,Aalst-Oudenaarde#Alost-Audenarde,Oudenaarde#Audenarde,Wortegem-Petegem
Oost-Vlaanderen#Flandre-Orientale,Aalst-Oudenaarde#Alost-Audenarde,Kruishoutem,Kruishoutem
Oost-Vlaanderen#Flandre-Orientale,Aalst-Oudenaarde#Alost-Audenarde,Kruishoutem,Zingem
Oost-Vlaanderen#Flandre-Orientale,Aalst-Oudenaarde#Alost-Audenarde,Horebeke,Horebeke
Oost-Vlaanderen#Flandre-Orientale,Aalst-Oudenaarde#Alost-Audenarde,Horebeke,Zwalm
Oost-Vlaanderen#Flandre-Orientale,Aalst-Oudenaarde#Alost-Audenarde,Brakel,Brakel
Oost-Vlaanderen#Flandre-Orientale,Aalst-Oudenaarde#Alost-Audenarde,Brakel,Lierde
Oost-Vlaanderen#Flandre-Orientale,Aalst-Oudenaarde#Alost-Audenarde,Ronse#Renaix,Ronse#Renaix
Oost-Vlaanderen#Flandre-Orientale,Aalst-Oudenaarde#Alost-Audenarde,Ronse#Renaix,Kluisbergen
Oost-Vlaanderen#Flandre-Orientale,Aalst#Alost,Aalst#Alost,Aalst#Alost
Oost-Vlaanderen#Flandre-Orientale,Aalst#Alost,Aalst#Alost,Erpe-Mere
Oost-Vlaanderen#Flandre-Orientale,Aalst#Alost,Aalst#Alost,Lede
Oost-Vlaanderen#Flandre-Orientale,Aalst#Alost,Geraardsbergen#Grammont,Geraardsbergen#Grammont
Oost-Vlaanderen#Flandre-Orientale,Aalst#Alost,Herzele,Herzele
Oost-Vlaanderen#Flandre-Orientale,Aalst#Alost,Herzele,Haaltert
Oost-Vlaanderen#Flandre-Orientale,Aalst#Alost,Herzele,Sint-Lievens-Houtem
Oost-Vlaanderen#Flandre-Orientale,Aalst#Alost,Ninove,Ninove
Oost-Vlaanderen#Flandre-Orientale,Aalst#Alost,Ninove,Denderleeuw
Oost-Vlaanderen#Flandre-Orientale,Aalst#Alost,Zottegem,Zottegem
Oost-Vlaanderen#Flandre-Orientale,Oudenaarde#Audenarde,Oudenaarde#Audenarde,Oudenaarde#Audenarde
Oost-Vlaanderen#Flandre-Orientale,Oudenaarde#Audenarde,Oudenaarde#Audenarde,Maarkedal
Oost-Vlaanderen#Flandre-Orientale,Oudenaarde#Audenarde,Oudenaarde#Audenarde,Wortegem-Petegem
Oost-Vlaanderen#Flandre-Orientale,Oudenaarde#Audenarde,Kruishoutem,Kruishoutem
Oost-Vlaanderen#Flandre-Orientale,Oudenaarde#Audenarde,Kruishoutem,Zingem
Oost-Vlaanderen#Flandre-Orientale,Oudenaarde#Audenarde,Horebeke,Horebeke
Oost-Vlaanderen#Flandre-Orientale,Oudenaarde#Audenarde,Horebeke,Zwalm
Oost-Vlaanderen#Flandre-Orientale,Oudenaarde#Audenarde,Brakel,Brakel
Oost-Vlaanderen#Flandre-Orientale,Oudenaarde#Audenarde,Brakel,Lierde
Oost-Vlaanderen#Flandre-Orientale,Oudenaarde#Audenarde,Ronse#Renaix,Ronse#Renaix
Oost-Vlaanderen#Flandre-Orientale,Oudenaarde#Audenarde,Ronse#Renaix,Kluisbergen
West-Vlaanderen#Flandre-Occidentale,Brugge#Bruges,Brugge#Bruges,Brugge#Bruges
West-Vlaanderen#Flandre-Occidentale,Brugge#Bruges,Brugge#Bruges,Beernem
West-Vlaanderen#Flandre-Occidentale,Brugge#Bruges,Brugge#Bruges,Blankenberge
West-Vlaanderen#Flandre-Occidentale,Brugge#Bruges,Brugge#Bruges,Damme
West-Vlaanderen#Flandre-Occidentale,Brugge#Bruges,Brugge#Bruges,Knokke-Heist
West-Vlaanderen#Flandre-Occidentale,Brugge#Bruges,Brugge#Bruges,Jabbeke
West-Vlaanderen#Flandre-Occidentale,Brugge#Bruges,Brugge#Bruges,Oostkamp
West-Vlaanderen#Flandre-Occidentale,Brugge#Bruges,Brugge#Bruges,Zedelgem
West-Vlaanderen#Flandre-Occidentale,Brugge#Bruges,Brugge#Bruges,Zuienkerke
West-Vlaanderen#Flandre-Occidentale,Brugge#Bruges,Torhout,Torhout
West-Vlaanderen#Flandre-Occidentale,Kortrijk-Roeselare-Tielt#Courtrai-Roulers-Tielt,Kortrijk#Courtrai,Kortrijk#Courtrai
West-Vlaanderen#Flandre-Occidentale,Kortrijk-Roeselare-Tielt#Courtrai-Roulers-Tielt,Kortrijk#Courtrai,Anzegem
West-Vlaanderen#Flandre-Occidentale,Kortrijk-Roeselare-Tielt#Courtrai-Roulers-Tielt,Kortrijk#Courtrai,Kuurne
West-Vlaanderen#Flandre-Occidentale,Kortrijk-Roeselare-Tielt#Courtrai-Roulers-Tielt,Kortrijk#Courtrai,Lendelede
West-Vlaanderen#Flandre-Occidentale,Kortrijk-Roeselare-Tielt#Courtrai-Roulers-Tielt,Kortrijk#Courtrai,Zwevegem
West-Vlaanderen#Flandre-Occidentale,Kortrijk-Roeselare-Tielt#Courtrai-Roulers-Tielt,Avelgem,Avelgem
West-Vlaanderen#Flandre-Occidentale,Kortrijk-Roeselare-Tielt#Courtrai-Roulers-Tielt,Avelgem,Spiere-Helkijn#Espierres-Helchin
West-Vlaanderen#Flandre-Occidentale,Kortrijk-Roeselare-Tielt#Courtrai-Roulers-Tielt,Harelbeke,Harelbeke
West-Vlaanderen#Flandre-Occidentale,Kortrijk-Roeselare-Tielt#Courtrai-Roulers-Tielt,Harelbeke,Deerlijk
West-Vlaanderen#Flandre-Occidentale,Kortrijk-Roeselare-Tielt#Courtrai-Roulers-Tielt,Harelbeke,Waregem
West-Vlaanderen#Flandre-Occidentale,Kortrijk-Roeselare-Tielt#Courtrai-Roulers-Tielt,Menen#Menin,Menen#Menin
West-Vlaanderen#Flandre-Occidentale,Kortrijk-Roeselare-Tielt#Courtrai-Roulers-Tielt,Menen#Menin,Wevelgem
West-Vlaanderen#Flandre-Occidentale,Kortrijk-Roeselare-Tielt#Courtrai-Roulers-Tielt,Roeselare#Roulers,Roeselare#Roulers
West-Vlaanderen#Flandre-Occidentale,Kortrijk-Roeselare-Tielt#Courtrai-Roulers-Tielt,Roeselare#Roulers,Ledegem
West-Vlaanderen#Flandre-Occidentale,Kortrijk-Roeselare-Tielt#Courtrai-Roulers-Tielt,Roeselare#Roulers,Moorslede
West-Vlaanderen#Flandre-Occidentale,Kortrijk-Roeselare-Tielt#Courtrai-Roulers-Tielt,Lichtervelde,Lichtervelde
West-Vlaanderen#Flandre-Occidentale,Kortrijk-Roeselare-Tielt#Courtrai-Roulers-Tielt,Hooglede,Hooglede
West-Vlaanderen#Flandre-Occidentale,Kortrijk-Roeselare-Tielt#Courtrai-Roulers-Tielt,Hooglede,Staden
West-Vlaanderen#Flandre-Occidentale,Kortrijk-Roeselare-Tielt#Courtrai-Roulers-Tielt,Izegem,Izegem
West-Vlaanderen#Flandre-Occidentale,Kortrijk-Roeselare-Tielt#Courtrai-Roulers-Tielt,Izegem,Ingelmunster
West-Vlaanderen#Flandre-Occidentale,Kortrijk-Roeselare-Tielt#Courtrai-Roulers-Tielt,Tielt,Tielt
West-Vlaanderen#Flandre-Occidentale,Kortrijk-Roeselare-Tielt#Courtrai-Roulers-Tielt,Tielt,Ardooie
West-Vlaanderen#Flandre-Occidentale,Kortrijk-Roeselare-Tielt#Courtrai-Roulers-Tielt,Tielt,Pittem
West-Vlaanderen#Flandre-Occidentale,Kortrijk-Roeselare-Tielt#Courtrai-Roulers-Tielt,Meulebeke,Meulebeke
West-Vlaanderen#Flandre-Occidentale,Kortrijk-Roeselare-Tielt#Courtrai-Roulers-Tielt,Meulebeke,Dentergem
West-Vlaanderen#Flandre-Occidentale,Kortrijk-Roeselare-Tielt#Courtrai-Roulers-Tielt,Oostrozebeke,Oostrozebeke
West-Vlaanderen#Flandre-Occidentale,Kortrijk-Roeselare-Tielt#Courtrai-Roulers-Tielt,Oostrozebeke,Wielsbeke
West-Vlaanderen#Flandre-Occidentale,Kortrijk-Roeselare-Tielt#Courtrai-Roulers-Tielt,Ruiselede,Ruiselede
West-Vlaanderen#Flandre-Occidentale,Kortrijk-Roeselare-Tielt#Courtrai-Roulers-Tielt,Ruiselede,Wingene
West-Vlaanderen#Flandre-Occidentale,Kortrijk#Courtrai,Kortrijk#Courtrai,Kortrijk#Courtrai
West-Vlaanderen#Flandre-Occidentale,Kortrijk#Courtrai,Kortrijk#Courtrai,Anzegem
West-Vlaanderen#Flandre-Occidentale,Kortrijk#Courtrai,Kortrijk#Courtrai,Kuurne
West-Vlaanderen#Flandre-Occidentale,Kortrijk#Courtrai,Kortrijk#Courtrai,Lendelede
West-Vlaanderen#Flandre-Occidentale,Kortrijk#Courtrai,Kortrijk#Courtrai,Zwevegem
West-Vlaanderen#Flandre-Occidentale,Kortrijk#Courtrai,Avelgem,Avelgem
West-Vlaanderen#Flandre-Occidentale,Kortrijk#Courtrai,Avelgem,Spiere-Helkijn#Espierres-Helchin
West-Vlaanderen#Flandre-Occidentale,Kortrijk#Courtrai,Harelbeke,Harelbeke
West-Vlaanderen#Flandre-Occidentale,Kortrijk#Courtrai,Harelbeke,Deerlijk
West-Vlaanderen#Flandre-Occidentale,Kortrijk#Courtrai,Harelbeke,Waregem
West-Vlaanderen#Flandre-Occidentale,Kortrijk#Courtrai,Menen#Menin,Menen#Menin
West-Vlaanderen#Flandre-Occidentale,Kortrijk#Courtrai,Menen#Menin,Wevelgem
West-Vlaanderen#Flandre-Occidentale,Roeselare-Tielt#Roulers-Tielt,Roeselare#Roulers,Roeselare#Roulers
West-Vlaanderen#Flandre-Occidentale,Roeselare-Tielt#Roulers-Tielt,Roeselare#Roulers,Ledegem
West-Vlaanderen#Flandre-Occidentale,Roeselare-Tielt#Roulers-Tielt,Roeselare#Roulers,Moorslede
West-Vlaanderen#Flandre-Occidentale,Roeselare-Tielt#Roulers-Tielt,Lichtervelde,Lichtervelde
West-Vlaanderen#Flandre-Occidentale,Roeselare-Tielt#Roulers-Tielt,Hooglede,Hooglede
West-Vlaanderen#Flandre-Occidentale,Roeselare-Tielt#Roulers-Tielt,Hooglede,Staden
West-Vlaanderen#Flandre-Occidentale,Roeselare-Tielt#Roulers-Tielt,Izegem,Izegem
West-Vlaanderen#Flandre-Occidentale,Roeselare-Tielt#Roulers-Tielt,Izegem,Ingelmunster
West-Vlaanderen#Flandre-Occidentale,Roeselare-Tielt#Roulers-Tielt,Tielt,Tielt
West-Vlaanderen#Flandre-Occidentale,Roeselare-Tielt#Roulers-Tielt,Tielt,Ardooie
West-Vlaanderen#Flandre-Occidentale,Roeselare-Tielt#Roulers-Tielt,Tielt,Pittem
West-Vlaanderen#Flandre-Occidentale,Roeselare-Tielt#Roulers-Tielt,Meulebeke,Meulebeke
West-Vlaanderen#Flandre-Occidentale,Roeselare-Tielt#Roulers-Tielt,Meulebeke,Dentergem
West-Vlaanderen#Flandre-Occidentale,Roeselare-Tielt#Roulers-Tielt,Oostrozebeke,Oostrozebeke
West-Vlaanderen#Flandre-Occidentale,Roeselare-Tielt#Roulers-Tielt,Oostrozebeke,Wielsbeke
West-Vlaanderen#Flandre-Occidentale,Roeselare-Tielt#Roulers-Tielt,Ruiselede,Ruiselede
West-Vlaanderen#Flandre-Occidentale,Roeselare-Tielt#Roulers-Tielt,Ruiselede,Wingene
West-Vlaanderen#Flandre-Occidentale,Roeselare#Roulers,Roeselare#Roulers,Roeselare#Roulers
West-Vlaanderen#Flandre-Occidentale,Roeselare#Roulers,Roeselare#Roulers,Ledegem
West-Vlaanderen#Flandre-Occidentale,Roeselare#Roulers,Roeselare#Roulers,Moorslede
West-Vlaanderen#Flandre-Occidentale,Roeselare#Roulers,Lichtervelde,Lichtervelde
West-Vlaanderen#Flandre-Occidentale,Roeselare#Roulers,Hooglede,Hooglede
West-Vlaanderen#Flandre-Occidentale,Roeselare#Roulers,Hooglede,Staden
West-Vlaanderen#Flandre-Occidentale,Roeselare#Roulers,Izegem,Izegem
West-Vlaanderen#Flandre-Occidentale,Roeselare#Roulers,Izegem,Ingelmunster
West-Vlaanderen#Flandre-Occidentale,Tielt,Tielt,Tielt
West-Vlaanderen#Flandre-Occidentale,Tielt,Tielt,Ardooie
West-Vlaanderen#Flandre-Occidentale,Tielt,Tielt,Pittem
West-Vlaanderen#Flandre-Occidentale,Tielt,Meulebeke,Meulebeke
West-Vlaanderen#Flandre-Occidentale,Tielt,Meulebeke,Dentergem
West-Vlaanderen#Flandre-Occidentale,Tielt,Oostrozebeke,Oostrozebeke
West-Vlaanderen#Flandre-Occidentale,Tielt,Oostrozebeke,Wielsbeke
West-Vlaanderen#Flandre-Occidentale,Tielt,Ruiselede,Ruiselede
West-Vlaanderen#Flandre-Occidentale,Tielt,Ruiselede,Wingene
West-Vlaanderen#Flandre-Occidentale,Veurne-Diksmuide-Oostende#Furnes-Dixmude-Ostende,Veurne#Furnes,Veurne#Furnes
West-Vlaanderen#Flandre-Occidentale,Veurne-Diksmuide-Oostende#Furnes-Dixmude-Ostende,Veurne#Furnes,Alveringem
West-Vlaanderen#Flandre-Occidentale,Veurne-Diksmuide-Oostende#Furnes-Dixmude-Ostende,Veurne#Furnes,De Panne#La Panne
West-Vlaanderen#Flandre-Occidentale,Veurne-Diksmuide-Oostende#Furnes-Dixmude-Ostende,Veurne#Furnes,Koksijde
West-Vlaanderen#Flandre-Occidentale,Veurne-Diksmuide-Oostende#Furnes-Dixmude-Ostende,Nieuwpoort#Nieuport,Nieuwpoort#Nieuport
West-Vlaanderen#Flandre-Occidentale,Veurne-Diksmuide-Oostende#Furnes-Dixmude-Ostende,Diksmuide#Dixmude,Diksmuide#Dixmude
West-Vlaanderen#Flandre-Occidentale,Veurne-Diksmuide-Oostende#Furnes-Dixmude-Ostende,Diksmuide#Dixmude,Houthulst
West-Vlaanderen#Flandre-Occidentale,Veurne-Diksmuide-Oostende#Furnes-Dixmude-Ostende,Diksmuide#Dixmude,Koekelare
West-Vlaanderen#Flandre-Occidentale,Veurne-Diksmuide-Oostende#Furnes-Dixmude-Ostende,Diksmuide#Dixmude,Kortemark
West-Vlaanderen#Flandre-Occidentale,Veurne-Diksmuide-Oostende#Furnes-Dixmude-Ostende,Diksmuide#Dixmude,Lo-Reninge
West-Vlaanderen#Flandre-Occidentale,Veurne-Diksmuide-Oostende#Furnes-Dixmude-Ostende,Oostende#Ostende,Oostende#Ostende
West-Vlaanderen#Flandre-Occidentale,Veurne-Diksmuide-Oostende#Furnes-Dixmude-Ostende,Oostende#Ostende,Bredene
West-Vlaanderen#Flandre-Occidentale,Veurne-Diksmuide-Oostende#Furnes-Dixmude-Ostende,Oostende#Ostende,De Haan
West-Vlaanderen#Flandre-Occidentale,Veurne-Diksmuide-Oostende#Furnes-Dixmude-Ostende,Oostende#Ostende,Middelkerke
West-Vlaanderen#Flandre-Occidentale,Veurne-Diksmuide-Oostende#Furnes-Dixmude-Ostende,Gistel,Gistel
West-Vlaanderen#Flandre-Occidentale,Veurne-Diksmuide-Oostende#Furnes-Dixmude-Ostende,Gistel,Ichtegem
West-Vlaanderen#Flandre-Occidentale,Veurne-Diksmuide-Oostende#Furnes-Dixmude-Ostende,Gistel,Oudenburg
West-Vlaanderen#Flandre-Occidentale,Veurne-Diksmuide-Oostende#Furnes-Dixmude-Ostende,Veurne#Furnes,Veurne#Furnes
West-Vlaanderen#Flandre-Occidentale,Veurne-Diksmuide-Oostende#Furnes-Dixmude-Ostende,Veurne#Furnes,Alveringem
West-Vlaanderen#Flandre-Occidentale,Veurne-Diksmuide-Oostende#Furnes-Dixmude-Ostende,Veurne#Furnes,De Panne#La Panne
West-Vlaanderen#Flandre-Occidentale,Veurne-Diksmuide-Oostende#Furnes-Dixmude-Ostende,Veurne#Furnes,Koksijde
West-Vlaanderen#Flandre-Occidentale,Veurne-Diksmuide-Oostende#Furnes-Dixmude-Ostende,Nieuwpoort#Nieuport,Nieuwpoort#Nieuport
West-Vlaanderen#Flandre-Occidentale,Veurne-Diksmuide-Oostende#Furnes-Dixmude-Ostende,Diksmuide#Dixmude,Diksmuide#Dixmude
West-Vlaanderen#Flandre-Occidentale,Veurne-Diksmuide-Oostende#Furnes-Dixmude-Ostende,Diksmuide#Dixmude,Houthulst
West-Vlaanderen#Flandre-Occidentale,Veurne-Diksmuide-Oostende#Furnes-Dixmude-Ostende,Diksmuide#Dixmude,Koekelare
West-Vlaanderen#Flandre-Occidentale,Veurne-Diksmuide-Oostende#Furnes-Dixmude-Ostende,Diksmuide#Dixmude,Kortemark
West-Vlaanderen#Flandre-Occidentale,Veurne-Diksmuide-Oostende#Furnes-Dixmude-Ostende,Diksmuide#Dixmude,Lo-Reninge
West-Vlaanderen#Flandre-Occidentale,Veurne-Diksmuide-Oostende#Furnes-Dixmude-Ostende,Oostende#Ostende,Oostende#Ostende
West-Vlaanderen#Flandre-Occidentale,Veurne-Diksmuide-Oostende#Furnes-Dixmude-Ostende,Oostende#Ostende,Bredene
West-Vlaanderen#Flandre-Occidentale,Veurne-Diksmuide-Oostende#Furnes-Dixmude-Ostende,Oostende#Ostende,De Haan
West-Vlaanderen#Flandre-Occidentale,Veurne-Diksmuide-Oostende#Furnes-Dixmude-Ostende,Oostende#Ostende,Middelkerke
West-Vlaanderen#Flandre-Occidentale,Veurne-Diksmuide-Oostende#Furnes-Dixmude-Ostende,Gistel,Gistel
West-Vlaanderen#Flandre-Occidentale,Veurne-Diksmuide-Oostende#Furnes-Dixmude-Ostende,Gistel,Ichtegem
West-Vlaanderen#Flandre-Occidentale,Veurne-Diksmuide-Oostende#Furnes-Dixmude-Ostende,Gistel,Oudenburg
West-Vlaanderen#Flandre-Occidentale,Veurne-Diksmuide-Ieper-Oostende#Furnes-Dixmude-Ypres-Ostende,Veurne#Furnes,Veurne#Furnes
West-Vlaanderen#Flandre-Occidentale,Veurne-Diksmuide-Ieper-Oostende#Furnes-Dixmude-Ypres-Ostende,Veurne#Furnes,Alveringem
West-Vlaanderen#Flandre-Occidentale,Veurne-Diksmuide-Ieper-Oostende#Furnes-Dixmude-Ypres-Ostende,Veurne#Furnes,De Panne#La Panne
West-Vlaanderen#Flandre-Occidentale,Veurne-Diksmuide-Ieper-Oostende#Furnes-Dixmude-Ypres-Ostende,Veurne#Furnes,Koksijde
West-Vlaanderen#Flandre-Occidentale,Veurne-Diksmuide-Ieper-Oostende#Furnes-Dixmude-Ypres-Ostende,Nieuwpoort#Nieuport,Nieuwpoort#Nieuport
West-Vlaanderen#Flandre-Occidentale,Veurne-Diksmuide-Ieper-Oostende#Furnes-Dixmude-Ypres-Ostende,Diksmuide#Dixmude,Diksmuide#Dixmude
West-Vlaanderen#Flandre-Occidentale,Veurne-Diksmuide-Ieper-Oostende#Furnes-Dixmude-Ypres-Ostende,Diksmuide#Dixmude,Houthulst
West-Vlaanderen#Flandre-Occidentale,Veurne-Diksmuide-Ieper-Oostende#Furnes-Dixmude-Ypres-Ostende,Diksmuide#Dixmude,Koekelare
West-Vlaanderen#Flandre-Occidentale,Veurne-Diksmuide-Ieper-Oostende#Furnes-Dixmude-Ypres-Ostende,Diksmuide#Dixmude,Kortemark
West-Vlaanderen#Flandre-Occidentale,Veurne-Diksmuide-Ieper-Oostende#Furnes-Dixmude-Ypres-Ostende,Diksmuide#Dixmude,Lo-Reninge
West-Vlaanderen#Flandre-Occidentale,Veurne-Diksmuide-Ieper-Oostende#Furnes-Dixmude-Ypres-Ostende,Ieper#Ypres,Ieper#Ypres
West-Vlaanderen#Flandre-Occidentale,Veurne-Diksmuide-Ieper-Oostende#Furnes-Dixmude-Ypres-Ostende,Ieper#Ypres,Langemark-Poekapelle
West-Vlaanderen#Flandre-Occidentale,Veurne-Diksmuide-Ieper-Oostende#Furnes-Dixmude-Ypres-Ostende,Mesen#Messines,Mesen#Messines
West-Vlaanderen#Flandre-Occidentale,Veurne-Diksmuide-Ieper-Oostende#Furnes-Dixmude-Ypres-Ostende,Mesen#Messines,Heuvelland
West-Vlaanderen#Flandre-Occidentale,Veurne-Diksmuide-Ieper-Oostende#Furnes-Dixmude-Ypres-Ostende,Zonnebeke,Zonnebeke
West-Vlaanderen#Flandre-Occidentale,Veurne-Diksmuide-Ieper-Oostende#Furnes-Dixmude-Ypres-Ostende,Poperinge,Poperinge
West-Vlaanderen#Flandre-Occidentale,Veurne-Diksmuide-Ieper-Oostende#Furnes-Dixmude-Ypres-Ostende,Vleteren,Vleteren
West-Vlaanderen#Flandre-Occidentale,Veurne-Diksmuide-Ieper-Oostende#Furnes-Dixmude-Ypres-Ostende,Wervik,Wervik
West-Vlaanderen#Flandre-Occidentale,Veurne-Diksmuide-Ieper-Oostende#Furnes-Dixmude-Ypres-Ostende,Oostende#Ostende,Oostende#Ostende
West-Vlaanderen#Flandre-Occidentale,Veurne-Diksmuide-Ieper-Oostende#Furnes-Dixmude-Ypres-Ostende,Oostende#Ostende,Bredene
West-Vlaanderen#Flandre-Occidentale,Veurne-Diksmuide-Ieper-Oostende#Furnes-Dixmude-Ypres-Ostende,Oostende#Ostende,De Haan
West-Vlaanderen#Flandre-Occidentale,Veurne-Diksmuide-Ieper-Oostende#Furnes-Dixmude-Ypres-Ostende,Oostende#Ostende,Middelkerke
West-Vlaanderen#Flandre-Occidentale,Veurne-Diksmuide-Ieper-Oostende#Furnes-Dixmude-Ypres-Ostende,Gistel,Gistel
West-Vlaanderen#Flandre-Occidentale,Veurne-Diksmuide-Ieper-Oostende#Furnes-Dixmude-Ypres-Ostende,Gistel,Ichtegem
West-Vlaanderen#Flandre-Occidentale,Veurne-Diksmuide-Ieper-Oostende#Furnes-Dixmude-Ypres-Ostende,Gistel,Oudenburg
West-Vlaanderen#Flandre-Occidentale,Veurne#Furnes,Veurne#Furnes,Veurne#Furnes
West-Vlaanderen#Flandre-Occidentale,Veurne#Furnes,Veurne#Furnes,Alveringem
West-Vlaanderen#Flandre-Occidentale,Veurne#Furnes,Veurne#Furnes,De Panne#La Panne
West-Vlaanderen#Flandre-Occidentale,Veurne#Furnes,Veurne#Furnes,Koksijde
West-Vlaanderen#Flandre-Occidentale,Veurne#Furnes,Nieuwpoort#Nieuport,Nieuwpoort#Nieuport
West-Vlaanderen#Flandre-Occidentale,Diksmuide#Dixmude,Diksmuide#Dixmude,Diksmuide#Dixmude
West-Vlaanderen#Flandre-Occidentale,Diksmuide#Dixmude,Diksmuide#Dixmude,Houthulst
West-Vlaanderen#Flandre-Occidentale,Diksmuide#Dixmude,Diksmuide#Dixmude,Koekelare
West-Vlaanderen#Flandre-Occidentale,Diksmuide#Dixmude,Diksmuide#Dixmude,Kortemark
West-Vlaanderen#Flandre-Occidentale,Diksmuide#Dixmude,Diksmuide#Dixmude,Lo-Reninge
West-Vlaanderen#Flandre-Occidentale,Ieper#Ypres,Ieper#Ypres,Ieper#Ypres
West-Vlaanderen#Flandre-Occidentale,Ieper#Ypres,Ieper#Ypres,Langemark-Poekapelle
West-Vlaanderen#Flandre-Occidentale,Ieper#Ypres,Mesen#Messines,Mesen#Messines
West-Vlaanderen#Flandre-Occidentale,Ieper#Ypres,Mesen#Messines,Heuvelland
West-Vlaanderen#Flandre-Occidentale,Ieper#Ypres,Zonnebeke,Zonnebeke
West-Vlaanderen#Flandre-Occidentale,Ieper#Ypres,Poperinge,Poperinge
West-Vlaanderen#Flandre-Occidentale,Ieper#Ypres,Vleteren,Vleteren
West-Vlaanderen#Flandre-Occidentale,Ieper#Ypres,Wervik,Wervik
West-Vlaanderen#Flandre-Occidentale,Oostende#Ostende,Oostende#Ostende,Oostende#Ostende
West-Vlaanderen#Flandre-Occidentale,Oostende#Ostende,Oostende#Ostende,Bredene
West-Vlaanderen#Flandre-Occidentale,Oostende#Ostende,Oostende#Ostende,De Haan
West-Vlaanderen#Flandre-Occidentale,Oostende#Ostende,Oostende#Ostende,Middelkerke
West-Vlaanderen#Flandre-Occidentale,Oostende#Ostende,Gistel,Gistel
West-Vlaanderen#Flandre-Occidentale,Oostende#Ostende,Gistel,Ichtegem
West-Vlaanderen#Flandre-Occidentale,Oostende#Ostende,Gistel,Oudenburg
Brussel-Hoofdstad#Bruxelles-Capitale,Brussel-Hoofdstad#Bruxelles-Capitale,Brussel#Bruxelles,Brussel#Bruxelles
Brussel-Hoofdstad#Bruxelles-Capitale,Brussel-Hoofdstad#Bruxelles-Capitale,Anderlecht,Anderlecht
Brussel-Hoofdstad#Bruxelles-Capitale,Brussel-Hoofdstad#Bruxelles-Capitale,Anderlecht,Sint-Agatha-Berchem#Berchem-Sainte-Agathe
Brussel-Hoofdstad#Bruxelles-Capitale,Brussel-Hoofdstad#Bruxelles-Capitale,Elsene#Ixelles,Elsene#Ixelles
Brussel-Hoofdstad#Bruxelles-Capitale,Brussel-Hoofdstad#Bruxelles-Capitale,Elsene#Ixelles,Oudergem#Auderghem
Brussel-Hoofdstad#Bruxelles-Capitale,Brussel-Hoofdstad#Bruxelles-Capitale,Elsene#Ixelles,Watermaal-Bosvoorde#Watermael-Boitsfort
Brussel-Hoofdstad#Bruxelles-Capitale,Brussel-Hoofdstad#Bruxelles-Capitale,Sint-Jans-Molenbeek#Molenbeek-Saint-Jean,Sint-Jans-Molenbeek#Molenbeek-Saint-Jean
Brussel-Hoofdstad#Bruxelles-Capitale,Brussel-Hoofdstad#Bruxelles-Capitale,Sint-Jans-Molenbeek#Molenbeek-Saint-Jean,Ganshoren
Brussel-Hoofdstad#Bruxelles-Capitale,Brussel-Hoofdstad#Bruxelles-Capitale,Sint-Jans-Molenbeek#Molenbeek-Saint-Jean,Jette
Brussel-Hoofdstad#Bruxelles-Capitale,Brussel-Hoofdstad#Bruxelles-Capitale,Sint-Jans-Molenbeek#Molenbeek-Saint-Jean,Koekelberg
Brussel-Hoofdstad#Bruxelles-Capitale,Brussel-Hoofdstad#Bruxelles-Capitale,Sint-Gillis#Saint-Gilles,Sint-Gillis#Saint-Gilles
Brussel-Hoofdstad#Bruxelles-Capitale,Brussel-Hoofdstad#Bruxelles-Capitale,Saint-Josse-ten-Noode#Sint-Joost-ten-Node,Saint-Josse-ten-Noode#Sint-Joost-ten-Node
Brussel-Hoofdstad#Bruxelles-Capitale,Brussel-Hoofdstad#Bruxelles-Capitale,Saint-Josse-ten-Noode#Sint-Joost-ten-Node,Etterbeek
Brussel-Hoofdstad#Bruxelles-Capitale,Brussel-Hoofdstad#Bruxelles-Capitale,Saint-Josse-ten-Noode#Sint-Joost-ten-Node,Sint-Lambrechts-Woluwe#Woluwé-Saint-Lambert
Brussel-Hoofdstad#Bruxelles-Capitale,Brussel-Hoofdstad#Bruxelles-Capitale,Saint-Josse-ten-Noode#Sint-Joost-ten-Node,Sint-Pieters-Woluwe#Woluwé-Saint-Pierre
Brussel-Hoofdstad#Bruxelles-Capitale,Brussel-Hoofdstad#Bruxelles-Capitale,Schaerbeek#Schaarbeek,Schaerbeek#Schaarbeek
Brussel-Hoofdstad#Bruxelles-Capitale,Brussel-Hoofdstad#Bruxelles-Capitale,Schaerbeek#Schaarbeek,Evere
Brussel-Hoofdstad#Bruxelles-Capitale,Brussel-Hoofdstad#Bruxelles-Capitale,Uccle#Ukkel,Uccle#Ukkel
Brussel-Hoofdstad#Bruxelles-Capitale,Brussel-Hoofdstad#Bruxelles-Capitale,Uccle#Ukkel,Forest#Vorst
Vlaams-Brabant#Brabant flamand,Leuven#Louvain,Leuven#Louvain,Leuven#Louvain
Vlaams-Brabant#Brabant flamand,Leuven#Louvain,Leuven#Louvain,Bertem
Vlaams-Brabant#Brabant flamand,Leuven#Louvain,Leuven#Louvain,Bierbeek
Vlaams-Brabant#Brabant flamand,Leuven#Louvain,Leuven#Louvain,Herent
Vlaams-Brabant#Brabant flamand,Leuven#Louvain,Leuven#Louvain,Huldenberg
Vlaams-Brabant#Brabant flamand,Leuven#Louvain,Leuven#Louvain,Kortenberg
Vlaams-Brabant#Brabant flamand,Leuven#Louvain,Leuven#Louvain,Oud-Heverlee
Vlaams-Brabant#Brabant flamand,Leuven#Louvain,Leuven#Louvain,Tervuren
Vlaams-Brabant#Brabant flamand,Leuven#Louvain,Aarschot,Aarschot
Vlaams-Brabant#Brabant flamand,Leuven#Louvain,Aarschot,Begijnendijk
Vlaams-Brabant#Brabant flamand,Leuven#Louvain,Aarschot,Tielt-Winge
Vlaams-Brabant#Brabant flamand,Leuven#Louvain,Diest,Diest
Vlaams-Brabant#Brabant flamand,Leuven#Louvain,Diest,Bekkevoort
Vlaams-Brabant#Brabant flamand,Leuven#Louvain,Diest,Kortenaken
Vlaams-Brabant#Brabant flamand,Leuven#Louvain,Diest,Scherpenheuvel-Zichem#Montaigu-Zichem
Vlaams-Brabant#Brabant flamand,Leuven#Louvain,Glabbeek,Glabbeek
Vlaams-Brabant#Brabant flamand,Leuven#Louvain,Glabbeek,Lubbeek
Vlaams-Brabant#Brabant flamand,Leuven#Louvain,Haacht,Haacht
Vlaams-Brabant#Brabant flamand,Leuven#Louvain,Haacht,Boortmeerbeek
Vlaams-Brabant#Brabant flamand,Leuven#Louvain,Haacht,Holsbeek
Vlaams-Brabant#Brabant flamand,Leuven#Louvain,Haacht,Keerbergen
Vlaams-Brabant#Brabant flamand,Leuven#Louvain,Haacht,Rotselaar
Vlaams-Brabant#Brabant flamand,Leuven#Louvain,Haacht,Tremelo
Vlaams-Brabant#Brabant flamand,Leuven#Louvain,Landen,Landen
Vlaams-Brabant#Brabant flamand,Leuven#Louvain,Tienen#Tirlemont,Tienen#Tirlemont
Vlaams-Brabant#Brabant flamand,Leuven#Louvain,Tienen#Tirlemont,Boutersem
Vlaams-Brabant#Brabant flamand,Leuven#Louvain,Tienen#Tirlemont,Hoegaarden
Vlaams-Brabant#Brabant flamand,Leuven#Louvain,Zoutleeuw#Léau,Zoutleeuw#Léau
Vlaams-Brabant#Brabant flamand,Leuven#Louvain,Zoutleeuw#Léau,Geetbets
Vlaams-Brabant#Brabant flamand,Leuven#Louvain,Zoutleeuw#Léau,Linter
Leuven#Louvain,Leuven#Louvain,Leuven#Louvain,Leuven#Louvain
Leuven#Louvain,Leuven#Louvain,Leuven#Louvain,Bertem
Leuven#Louvain,Leuven#Louvain,Leuven#Louvain,Bierbeek
Leuven#Louvain,Leuven#Louvain,Leuven#Louvain,Herent
Leuven#Louvain,Leuven#Louvain,Leuven#Louvain,Huldenberg
Leuven#Louvain,Leuven#Louvain,Leuven#Louvain,Kortenberg
Leuven#Louvain,Leuven#Louvain,Leuven#Louvain,Oud-Heverlee
Leuven#Louvain,Leuven#Louvain,Leuven#Louvain,Tervuren
Leuven#Louvain,Leuven#Louvain,Aarschot,Aarschot
Leuven#Louvain,Leuven#Louvain,Aarschot,Begijnendijk
Leuven#Louvain,Leuven#Louvain,Aarschot,Tielt-Winge
Leuven#Louvain,Leuven#Louvain,Diest,Diest
Leuven#Louvain,Leuven#Louvain,Diest,Bekkevoort
Leuven#Louvain,Leuven#Louvain,Diest,Kortenaken
Leuven#Louvain,Leuven#Louvain,Diest,Scherpenheuvel-Zichem#Montaigu-Zichem
Leuven#Louvain,Leuven#Louvain,Glabbeek,Glabbeek
Leuven#Louvain,Leuven#Louvain,Glabbeek,Lubbeek
Leuven#Louvain,Leuven#Louvain,Haacht,Haacht
Leuven#Louvain,Leuven#Louvain,Haacht,Boortmeerbeek
Leuven#Louvain,Leuven#Louvain,Haacht,Holsbeek
Leuven#Louvain,Leuven#Louvain,Haacht,Keerbergen
Leuven#Louvain,Leuven#Louvain,Haacht,Rotselaar
Leuven#Louvain,Leuven#Louvain,Haacht,Tremelo
Leuven#Louvain,Leuven#Louvain,Landen,Landen
Leuven#Louvain,Leuven#Louvain,Tienen#Tirlemont,Tienen#Tirlemont
Leuven#Louvain,Leuven#Louvain,Tienen#Tirlemont,Boutersem
Leuven#Louvain,Leuven#Louvain,Tienen#Tirlemont,Hoegaarden
Leuven#Louvain,Leuven#Louvain,Zoutleeuw#Léau,Zoutleeuw#Léau
Leuven#Louvain,Leuven#Louvain,Zoutleeuw#Léau,Geetbets
Leuven#Louvain,Leuven#Louvain,Zoutleeuw#Léau,Linter
Vlaams-Brabant#Brabant flamand,Halle-Vilvoorde#Hal-Vilvorde,Asse,Asse
Vlaams-Brabant#Brabant flamand,Halle-Vilvoorde#Hal-Vilvorde,Asse,Affligem
Vlaams-Brabant#Brabant flamand,Halle-Vilvoorde#Hal-Vilvorde,Asse,Liedekerke
Vlaams-Brabant#Brabant flamand,Halle-Vilvoorde#Hal-Vilvorde,Asse,Merchtem
Vlaams-Brabant#Brabant flamand,Halle-Vilvoorde#Hal-Vilvorde,Asse,Opwijk
Vlaams-Brabant#Brabant flamand,Halle-Vilvoorde#Hal-Vilvorde,Asse,Ternat
Vlaams-Brabant#Brabant flamand,Halle-Vilvoorde#Hal-Vilvorde,Asse,Dilbeek
Vlaams-Brabant#Brabant flamand,Halle-Vilvoorde#Hal-Vilvorde,Halle#Hal,Halle#Hal
Vlaams-Brabant#Brabant flamand,Halle-Vilvoorde#Hal-Vilvorde,Halle#Hal,Beersel
Vlaams-Brabant#Brabant flamand,Halle-Vilvoorde#Hal-Vilvorde,Halle#Hal,Pepingen
Vlaams-Brabant#Brabant flamand,Halle-Vilvoorde#Hal-Vilvorde,Halle#Hal,Sint-Pieters-Leeuw
Vlaams-Brabant#Brabant flamand,Halle-Vilvoorde#Hal-Vilvorde,Lennik,Lennik
Vlaams-Brabant#Brabant flamand,Halle-Vilvoorde#Hal-Vilvorde,Lennik,Bever#Biévène
Vlaams-Brabant#Brabant flamand,Halle-Vilvoorde#Hal-Vilvorde,Lennik,Galmaarden#Gammerages
Vlaams-Brabant#Brabant flamand,Halle-Vilvoorde#Hal-Vilvorde,Lennik,Gooik
Vlaams-Brabant#Brabant flamand,Halle-Vilvoorde#Hal-Vilvorde,Lennik,Herne
Vlaams-Brabant#Brabant flamand,Halle-Vilvoorde#Hal-Vilvorde,Lennik,Roosdaal
Vlaams-Brabant#Brabant flamand,Halle-Vilvoorde#Hal-Vilvorde,Meise,Meise
Vlaams-Brabant#Brabant flamand,Halle-Vilvoorde#Hal-Vilvorde,Meise,Grimbergen
Vlaams-Brabant#Brabant flamand,Halle-Vilvoorde#Hal-Vilvorde,Meise,Kapelle-op-den-Bos
Vlaams-Brabant#Brabant flamand,Halle-Vilvoorde#Hal-Vilvorde,Meise,Londerzeel
Vlaams-Brabant#Brabant flamand,Halle-Vilvoorde#Hal-Vilvorde,Vilvoorde#Vilvorde,Vilvoorde#Vilvorde
Vlaams-Brabant#Brabant flamand,Halle-Vilvoorde#Hal-Vilvorde,Vilvoorde#Vilvorde,Kampenhout
Vlaams-Brabant#Brabant flamand,Halle-Vilvoorde#Hal-Vilvorde,Vilvoorde#Vilvorde,Machelen
Vlaams-Brabant#Brabant flamand,Halle-Vilvoorde#Hal-Vilvorde,Vilvoorde#Vilvorde,Zemst
Vlaams-Brabant#Brabant flamand,Halle-Vilvoorde#Hal-Vilvorde,Zaventem,Zaventem
Vlaams-Brabant#Brabant flamand,Halle-Vilvoorde#Hal-Vilvorde,Zaventem,Steenokkerzeel
Vlaams-Brabant#Brabant flamand,Halle-Vilvoorde#Hal-Vilvorde,Zaventem,Overijse
Vlaams-Brabant#Brabant flamand,Halle-Vilvoorde#Hal-Vilvorde,Zaventem,Hoeilaart
Vlaams-Brabant#Brabant flamand,Halle-Vilvoorde#Hal-Vilvorde,Sint-Genesius-Rode#Rhode-Saint-Genèse,Sint-Genesius-Rode#Rhode-Saint-Genèse
Vlaams-Brabant#Brabant flamand,Halle-Vilvoorde#Hal-Vilvorde,Sint-Genesius-Rode#Rhode-Saint-Genèse,Drogenbos
Vlaams-Brabant#Brabant flamand,Halle-Vilvoorde#Hal-Vilvorde,Sint-Genesius-Rode#Rhode-Saint-Genèse,Linkebeek
Vlaams-Brabant#Brabant flamand,Halle-Vilvoorde#Hal-Vilvorde,Sint-Genesius-Rode#Rhode-Saint-Genèse,Wemmel
Vlaams-Brabant#Brabant flamand,Halle-Vilvoorde#Hal-Vilvorde,Sint-Genesius-Rode#Rhode-Saint-Genèse,Kraainem
Vlaams-Brabant#Brabant flamand,Halle-Vilvoorde#Hal-Vilvorde,Sint-Genesius-Rode#Rhode-Saint-Genèse,Wezembeek-Oppem
Brabant wallon#Waals-Brabant,Nivelles#Nijvel,Nivelles#Nijvel,Nivelles#Nijvel
Brabant wallon#Waals-Brabant,Nivelles#Nijvel,Nivelles#Nijvel,Braine-l’Alleud#Eigenbrakel
Brabant wallon#Waals-Brabant,Nivelles#Nijvel,Nivelles#Nijvel,Braine-le-Château#Kasteelbrakel
Brabant wallon#Waals-Brabant,Nivelles#Nijvel,Nivelles#Nijvel,Ittre#Itter
Brabant wallon#Waals-Brabant,Nivelles#Nijvel,Nivelles#Nijvel,Rebecq
Brabant wallon#Waals-Brabant,Nivelles#Nijvel,Nivelles#Nijvel,Tubize#Tubeke
Brabant wallon#Waals-Brabant,Nivelles#Nijvel,Nivelles#Nijvel,Waterloo
Brabant wallon#Waals-Brabant,Nivelles#Nijvel,Genappes#Genepien,Genappes#Genepien
Brabant wallon#Waals-Brabant,Nivelles#Nijvel,Genappes#Genepien,Villers-la-Ville
Brabant wallon#Waals-Brabant,Nivelles#Nijvel,Jodoigne#Geldenaken,Jodoigne#Geldenaken
Brabant wallon#Waals-Brabant,Nivelles#Nijvel,Jodoigne#Geldenaken,Beauvechain#Bevekom
Brabant wallon#Waals-Brabant,Nivelles#Nijvel,Jodoigne#Geldenaken,Hélécine
Brabant wallon#Waals-Brabant,Nivelles#Nijvel,Jodoigne#Geldenaken,Incourt
Brabant wallon#Waals-Brabant,Nivelles#Nijvel,Jodoigne#Geldenaken,Orp-Jauche
Brabant wallon#Waals-Brabant,Nivelles#Nijvel,Jodoigne#Geldenaken,Ramillies
Brabant wallon#Waals-Brabant,Nivelles#Nijvel,Perwez#Perwijs,Perwez#Perwijs
Brabant wallon#Waals-Brabant,Nivelles#Nijvel,Perwez#Perwijs,Chastre
Brabant wallon#Waals-Brabant,Nivelles#Nijvel,Perwez#Perwijs,Mont-Saint-Guibert
Brabant wallon#Waals-Brabant,Nivelles#Nijvel,Perwez#Perwijs,Walhain
Brabant wallon#Waals-Brabant,Nivelles#Nijvel,Wavre#Waver,Wavre#Waver
Brabant wallon#Waals-Brabant,Nivelles#Nijvel,Wavre#Waver,Chaumont-Gistoux
Brabant wallon#Waals-Brabant,Nivelles#Nijvel,Wavre#Waver,Court-Saint-Etienne
Brabant wallon#Waals-Brabant,Nivelles#Nijvel,Wavre#Waver,Grez-Doiceau#Graven
Brabant wallon#Waals-Brabant,Nivelles#Nijvel,Wavre#Waver,La Hulpe#Terhulpen
Brabant wallon#Waals-Brabant,Nivelles#Nijvel,Wavre#Waver,Lasne
Brabant wallon#Waals-Brabant,Nivelles#Nijvel,Wavre#Waver,Ottignies-Louvain-La-Neuve
Brabant wallon#Waals-Brabant,Nivelles#Nijvel,Wavre#Waver,Rixensart
Brussel-Halle-Vilvoorde,Halle-Vilvoorde#Hal-Vilvorde,Asse,Asse
Brussel-Halle-Vilvoorde,Halle-Vilvoorde#Hal-Vilvorde,Asse,Affligem
Brussel-Halle-Vilvoorde,Halle-Vilvoorde#Hal-Vilvorde,Asse,Liedekerke
Brussel-Halle-Vilvoorde,Halle-Vilvoorde#Hal-Vilvorde,Asse,Merchtem
Brussel-Halle-Vilvoorde,Halle-Vilvoorde#Hal-Vilvorde,Asse,Opwijk
Brussel-Halle-Vilvoorde,Halle-Vilvoorde#Hal-Vilvorde,Asse,Ternat
Brussel-Halle-Vilvoorde,Halle-Vilvoorde#Hal-Vilvorde,Asse,Dilbeek
Brussel-Halle-Vilvoorde,Halle-Vilvoorde#Hal-Vilvorde,Halle#Hal,Halle#Hal
Brussel-Halle-Vilvoorde,Halle-Vilvoorde#Hal-Vilvorde,Halle#Hal,Beersel
Brussel-Halle-Vilvoorde,Halle-Vilvoorde#Hal-Vilvorde,Halle#Hal,Pepingen
Brussel-Halle-Vilvoorde,Halle-Vilvoorde#Hal-Vilvorde,Halle#Hal,Sint-Pieters-Leeuw
Brussel-Halle-Vilvoorde,Halle-Vilvoorde#Hal-Vilvorde,Lennik,Lennik
Brussel-Halle-Vilvoorde,Halle-Vilvoorde#Hal-Vilvorde,Lennik,Bever#Biévène
Brussel-Halle-Vilvoorde,Halle-Vilvoorde#Hal-Vilvorde,Lennik,Galmaarden#Gammerages
Brussel-Halle-Vilvoorde,Halle-Vilvoorde#Hal-Vilvorde,Lennik,Gooik
Brussel-Halle-Vilvoorde,Halle-Vilvoorde#Hal-Vilvorde,Lennik,Herne
Brussel-Halle-Vilvoorde,Halle-Vilvoorde#Hal-Vilvorde,Lennik,Roosdaal
Brussel-Halle-Vilvoorde,Halle-Vilvoorde#Hal-Vilvorde,Meise,Meise
Brussel-Halle-Vilvoorde,Halle-Vilvoorde#Hal-Vilvorde,Meise,Grimbergen
Brussel-Halle-Vilvoorde,Halle-Vilvoorde#Hal-Vilvorde,Meise,Kapelle-op-den-Bos
Brussel-Halle-Vilvoorde,Halle-Vilvoorde#Hal-Vilvorde,Meise,Londerzeel
Brussel-Halle-Vilvoorde,Halle-Vilvoorde#Hal-Vilvorde,Vilvoorde#Vilvorde,Vilvoorde#Vilvorde
Brussel-Halle-Vilvoorde,Halle-Vilvoorde#Hal-Vilvorde,Vilvoorde#Vilvorde,Kampenhout
Brussel-Halle-Vilvoorde,Halle-Vilvoorde#Hal-Vilvorde,Vilvoorde#Vilvorde,Machelen
Brussel-Halle-Vilvoorde,Halle-Vilvoorde#Hal-Vilvorde,Vilvoorde#Vilvorde,Zemst
Brussel-Halle-Vilvoorde,Halle-Vilvoorde#Hal-Vilvorde,Zaventem,Zaventem
Brussel-Halle-Vilvoorde,Halle-Vilvoorde#Hal-Vilvorde,Zaventem,Steenokkerzeel
Brussel-Halle-Vilvoorde,Halle-Vilvoorde#Hal-Vilvorde,Zaventem,Overijse
Brussel-Halle-Vilvoorde,Halle-Vilvoorde#Hal-Vilvorde,Zaventem,Hoeilaart
Brussel-Halle-Vilvoorde,Halle-Vilvoorde#Hal-Vilvorde,Sint-Genesius-Rode#Rhode-Saint-Genèse,Sint-Genesius-Rode#Rhode-Saint-Genèse
Brussel-Halle-Vilvoorde,Halle-Vilvoorde#Hal-Vilvorde,Sint-Genesius-Rode#Rhode-Saint-Genèse,Drogenbos
Brussel-Halle-Vilvoorde,Halle-Vilvoorde#Hal-Vilvorde,Sint-Genesius-Rode#Rhode-Saint-Genèse,Linkebeek
Brussel-Halle-Vilvoorde,Halle-Vilvoorde#Hal-Vilvorde,Sint-Genesius-Rode#Rhode-Saint-Genèse,Wemmel
Brussel-Halle-Vilvoorde,Halle-Vilvoorde#Hal-Vilvorde,Sint-Genesius-Rode#Rhode-Saint-Genèse,Kraainem
Brussel-Halle-Vilvoorde,Halle-Vilvoorde#Hal-Vilvorde,Sint-Genesius-Rode#Rhode-Saint-Genèse,Wezembeek-Oppem
Brussel-Halle-Vilvoorde,Brussel-Hoofdstad#Bruxelles-Capitale,Brussel#Bruxelles,Brussel#Bruxelles
Brussel-Halle-Vilvoorde,Brussel-Hoofdstad#Bruxelles-Capitale,Anderlecht,Anderlecht
Brussel-Halle-Vilvoorde,Brussel-Hoofdstad#Bruxelles-Capitale,Anderlecht,Sint-Agatha-Berchem#Berchem-Sainte-Agathe
Brussel-Halle-Vilvoorde,Brussel-Hoofdstad#Bruxelles-Capitale,Elsene#Ixelles,Elsene#Ixelles
Brussel-Halle-Vilvoorde,Brussel-Hoofdstad#Bruxelles-Capitale,Elsene#Ixelles,Oudergem#Auderghem
Brussel-Halle-Vilvoorde,Brussel-Hoofdstad#Bruxelles-Capitale,Elsene#Ixelles,Watermaal-Bosvoorde#Watermael-Boitsfort
Brussel-Halle-Vilvoorde,Brussel-Hoofdstad#Bruxelles-Capitale,Sint-Jans-Molenbeek#Molenbeek-Saint-Jean,Sint-Jans-Molenbeek#Molenbeek-Saint-Jean
Brussel-Halle-Vilvoorde,Brussel-Hoofdstad#Bruxelles-Capitale,Sint-Jans-Molenbeek#Molenbeek-Saint-Jean,Ganshoren
Brussel-Halle-Vilvoorde,Brussel-Hoofdstad#Bruxelles-Capitale,Sint-Jans-Molenbeek#Molenbeek-Saint-Jean,Jette
Brussel-Halle-Vilvoorde,Brussel-Hoofdstad#Bruxelles-Capitale,Sint-Jans-Molenbeek#Molenbeek-Saint-Jean,Koekelberg
Brussel-Halle-Vilvoorde,Brussel-Hoofdstad#Bruxelles-Capitale,Sint-Gillis#Saint-Gilles,Sint-Gillis#Saint-Gilles
Brussel-Halle-Vilvoorde,Brussel-Hoofdstad#Bruxelles-Capitale,Saint-Josse-ten-Noode#Sint-Joost-ten-Node,Saint-Josse-ten-Noode#Sint-Joost-ten-Node
Brussel-Halle-Vilvoorde,Brussel-Hoofdstad#Bruxelles-Capitale,Saint-Josse-ten-Noode#Sint-Joost-ten-Node,Etterbeek
Brussel-Halle-Vilvoorde,Brussel-Hoofdstad#Bruxelles-Capitale,Saint-Josse-ten-Noode#Sint-Joost-ten-Node,Sint-Lambrechts-Woluwe#Woluwé-Saint-Lambert
Brussel-Halle-Vilvoorde,Brussel-Hoofdstad#Bruxelles-Capitale,Saint-Josse-ten-Noode#Sint-Joost-ten-Node,Sint-Pieters-Woluwe#Woluwé-Saint-Pierre
Brussel-Halle-Vilvoorde,Brussel-Hoofdstad#Bruxelles-Capitale,Schaerbeek#Schaarbeek,Schaerbeek#Schaarbeek
Brussel-Halle-Vilvoorde,Brussel-Hoofdstad#Bruxelles-Capitale,Schaerbeek#Schaarbeek,Evere
Brussel-Halle-Vilvoorde,Brussel-Hoofdstad#Bruxelles-Capitale,Uccle#Ukkel,Uccle#Ukkel
Brussel-Halle-Vilvoorde,Brussel-Hoofdstad#Bruxelles-Capitale,Uccle#Ukkel,Forest#Vorst
Brussel-Halle-Vilvoorde,Brussel-Halle-Vilvoorde,Asse,Asse
Brussel-Halle-Vilvoorde,Brussel-Halle-Vilvoorde,Asse,Affligem
Brussel-Halle-Vilvoorde,Brussel-Halle-Vilvoorde,Asse,Liedekerke
Brussel-Halle-Vilvoorde,Brussel-Halle-Vilvoorde,Asse,Merchtem
Brussel-Halle-Vilvoorde,Brussel-Halle-Vilvoorde,Asse,Opwijk
Brussel-Halle-Vilvoorde,Brussel-Halle-Vilvoorde,Asse,Ternat
Brussel-Halle-Vilvoorde,Brussel-Halle-Vilvoorde,Asse,Dilbeek
Brussel-Halle-Vilvoorde,Brussel-Halle-Vilvoorde,Halle#Hal,Halle#Hal
Brussel-Halle-Vilvoorde,Brussel-Halle-Vilvoorde,Halle#Hal,Beersel
Brussel-Halle-Vilvoorde,Brussel-Halle-Vilvoorde,Halle#Hal,Pepingen
Brussel-Halle-Vilvoorde,Brussel-Halle-Vilvoorde,Halle#Hal,Sint-Pieters-Leeuw
Brussel-Halle-Vilvoorde,Brussel-Halle-Vilvoorde,Lennik,Lennik
Brussel-Halle-Vilvoorde,Brussel-Halle-Vilvoorde,Lennik,Bever#Biévène
Brussel-Halle-Vilvoorde,Brussel-Halle-Vilvoorde,Lennik,Galmaarden#Gammerages
Brussel-Halle-Vilvoorde,Brussel-Halle-Vilvoorde,Lennik,Gooik
Brussel-Halle-Vilvoorde,Brussel-Halle-Vilvoorde,Lennik,Herne
Brussel-Halle-Vilvoorde,Brussel-Halle-Vilvoorde,Lennik,Roosdaal
Brussel-Halle-Vilvoorde,Brussel-Halle-Vilvoorde,Meise,Meise
Brussel-Halle-Vilvoorde,Brussel-Halle-Vilvoorde,Meise,Grimbergen
Brussel-Halle-Vilvoorde,Brussel-Halle-Vilvoorde,Meise,Kapelle-op-den-Bos
Brussel-Halle-Vilvoorde,Brussel-Halle-Vilvoorde,Meise,Londerzeel
Brussel-Halle-Vilvoorde,Brussel-Halle-Vilvoorde,Vilvoorde#Vilvorde,Vilvoorde#Vilvorde
Brussel-Halle-Vilvoorde,Brussel-Halle-Vilvoorde,Vilvoorde#Vilvorde,Kampenhout
Brussel-Halle-Vilvoorde,Brussel-Halle-Vilvoorde,Vilvoorde#Vilvorde,Machelen
Brussel-Halle-Vilvoorde,Brussel-Halle-Vilvoorde,Vilvoorde#Vilvorde,Zemst
Brussel-Halle-Vilvoorde,Brussel-Halle-Vilvoorde,Zaventem,Zaventem
Brussel-Halle-Vilvoorde,Brussel-Halle-Vilvoorde,Zaventem,Steenokkerzeel
Brussel-Halle-Vilvoorde,Brussel-Halle-Vilvoorde,Zaventem,Overijse
Brussel-Halle-Vilvoorde,Brussel-Halle-Vilvoorde,Zaventem,Hoeilaart
Brussel-Halle-Vilvoorde,Brussel-Halle-Vilvoorde,Sint-Genesius-Rode#Rhode-Saint-Genèse,Sint-Genesius-Rode#Rhode-Saint-Genèse
Brussel-Halle-Vilvoorde,Brussel-Halle-Vilvoorde,Sint-Genesius-Rode#Rhode-Saint-Genèse,Drogenbos
Brussel-Halle-Vilvoorde,Brussel-Halle-Vilvoorde,Sint-Genesius-Rode#Rhode-Saint-Genèse,Linkebeek
Brussel-Halle-Vilvoorde,Brussel-Halle-Vilvoorde,Sint-Genesius-Rode#Rhode-Saint-Genèse,Wemmel
Brussel-Halle-Vilvoorde,Brussel-Halle-Vilvoorde,Sint-Genesius-Rode#Rhode-Saint-Genèse,Kraainem
Brussel-Halle-Vilvoorde,Brussel-Halle-Vilvoorde,Sint-Genesius-Rode#Rhode-Saint-Genèse,Wezembeek-Oppem
Brussel-Halle-Vilvoorde,Brussel-Halle-Vilvoorde,Brussel#Bruxelles,Brussel#Bruxelles
Brussel-Halle-Vilvoorde,Brussel-Halle-Vilvoorde,Anderlecht,Anderlecht
Brussel-Halle-Vilvoorde,Brussel-Halle-Vilvoorde,Anderlecht,Sint-Agatha-Berchem#Berchem-Sainte-Agathe
Brussel-Halle-Vilvoorde,Brussel-Halle-Vilvoorde,Elsene#Ixelles,Elsene#Ixelles
Brussel-Halle-Vilvoorde,Brussel-Halle-Vilvoorde,Elsene#Ixelles,Oudergem#Auderghem
Brussel-Halle-Vilvoorde,Brussel-Halle-Vilvoorde,Elsene#Ixelles,Watermaal-Bosvoorde#Watermael-Boitsfort
Brussel-Halle-Vilvoorde,Brussel-Halle-Vilvoorde,Sint-Jans-Molenbeek#Molenbeek-Saint-Jean,Sint-Jans-Molenbeek#Molenbeek-Saint-Jean
Brussel-Halle-Vilvoorde,Brussel-Halle-Vilvoorde,Sint-Jans-Molenbeek#Molenbeek-Saint-Jean,Ganshoren
Brussel-Halle-Vilvoorde,Brussel-Halle-Vilvoorde,Sint-Jans-Molenbeek#Molenbeek-Saint-Jean,Jette
Brussel-Halle-Vilvoorde,Brussel-Halle-Vilvoorde,Sint-Jans-Molenbeek#Molenbeek-Saint-Jean,Koekelberg
Brussel-Halle-Vilvoorde,Brussel-Halle-Vilvoorde,Sint-Gillis#Saint-Gilles,Sint-Gillis#Saint-Gilles
Brussel-Halle-Vilvoorde,Brussel-Halle-Vilvoorde,Saint-Josse-ten-Noode#Sint-Joost-ten-Node,Saint-Josse-ten-Noode#Sint-Joost-ten-Node
Brussel-Halle-Vilvoorde,Brussel-Halle-Vilvoorde,Saint-Josse-ten-Noode#Sint-Joost-ten-Node,Etterbeek
Brussel-Halle-Vilvoorde,Brussel-Halle-Vilvoorde,Saint-Josse-ten-Noode#Sint-Joost-ten-Node,Sint-Lambrechts-Woluwe#Woluwé-Saint-Lambert
Brussel-Halle-Vilvoorde,Brussel-Halle-Vilvoorde,Saint-Josse-ten-Noode#Sint-Joost-ten-Node,Sint-Pieters-Woluwe#Woluwé-Saint-Pierre
Brussel-Halle-Vilvoorde,Brussel-Halle-Vilvoorde,Schaerbeek#Schaarbeek,Schaerbeek#Schaarbeek
Brussel-Halle-Vilvoorde,Brussel-Halle-Vilvoorde,Schaerbeek#Schaarbeek,Evere
Brussel-Halle-Vilvoorde,Brussel-Halle-Vilvoorde,Uccle#Ukkel,Uccle#Ukkel
Brussel-Halle-Vilvoorde,Brussel-Halle-Vilvoorde,Uccle#Ukkel,Forest#Vorst
Antwerpen#Anvers,Antwerpen#Anvers,Berchem,Antwerpen#Anvers
Antwerpen#Anvers,Antwerpen#Anvers,Borgerhout,Antwerpen#Anvers
Antwerpen#Anvers,Antwerpen#Anvers,Ekeren,Antwerpen#Anvers
Antwerpen#Anvers,Antwerpen#Anvers,Ekeren,Kapellen
Antwerpen#Anvers,Antwerpen#Anvers,Ekeren,Brasschaat
Antwerpen#Anvers,Antwerpen#Anvers,Ekeren,Schoten
Antwerpen#Anvers,Antwerpen#Anvers,Ekeren,Stabroek
Oost-Vlaanderen#Flandre-Orientale,Gent#Gand,Ledeberg,Gent#Gand
Liège#Luik,Liège#Luik,Fexhe-Slins,Juprelle
Hainaut#Henegouwen,Tournai-Ath-Mouscron#Doornik-Aat-Moeskroen,Frasnes-Buissenal,Frasnes-lez-Anvaing
Hainaut#Henegouwen,Charleroi,Marchienne-au-Pont,Charleroi
Hainaut#Henegouwen,Charleroi,Gosselies,Charleroi
Hainaut#Henegouwen,Charleroi,Jumet,Charleroi
Liège#Luik,Liège#Luik,Grivegnee,Liège#Luik
Liège#Luik,Liège#Luik,Louveigne,Sprimont
Liège#Luik,Liège#Luik,Louveigne,Aywaille
Liège#Luik,Liège#Luik,Louveigne,Comblain-au-Pont
Liège#Luik,Liège#Luik,Louveigne,Esneux
West-Vlaanderen#Flandre-Occidentale,Kortrijk-Roeselare-Tielt#Courtrai-Roulers-Tielt,Moorsele,Wevelgem
West-Vlaanderen#Flandre-Occidentale,Ieper#Ypres,Passendale,Zonnebeke
Hainaut#Henegouwen,Mons#Bergen,Paturages,Colfontaine
Vlaams-Brabant#Brabant flamand,Halle-Vilvoorde#Hal-Vilvorde,Wolvertem,Meise
Vlaams-Brabant#Brabant flamand,Halle-Vilvoorde#Hal-Vilvorde,Wolvertem,Grimbergen
Vlaams-Brabant#Brabant flamand,Halle-Vilvoorde#Hal-Vilvorde,Wolvertem,Kapelle-op-den-Bos
Vlaams-Brabant#Brabant flamand,Halle-Vilvoorde#Hal-Vilvorde,Wolvertem,Londerzeel
Hainaut#Henegouwen,Tournai-Ath-Mouscron#Doornik-Aat-Moeskroen,Templeuve,Tournai#Doornik
Limburg#Limbourg,Hasselt-Tongeren-Maaseik#Hasselt-Tongres-Maaseik,St-Martens-Voeren,Voeren#Fourons
Oost-Vlaanderen#Flandre-Orientale,Aalst-Oudenaarde#Alost-Audenarde,Sint-Maria-Horebeke,Horebeke
Oost-Vlaanderen#Flandre-Orientale,Aalst-Oudenaarde#Alost-Audenarde,Sint-Maria-Horebeke,Zwalm
Vlaams-Brabant#Brabant flamand,Halle-Vilvoorde#Hal-Vilvorde,Sint-Kwintens-Lennik,Lennik
Vlaams-Brabant#Brabant flamand,Halle-Vilvoorde#Hal-Vilvorde,Sint-Kwintens-Lennik,Bever#Biévène
Vlaams-Brabant#Brabant flamand,Halle-Vilvoorde#Hal-Vilvorde,Sint-Kwintens-Lennik,Galmaarden#Gammerages
Vlaams-Brabant#Brabant flamand,Halle-Vilvoorde#Hal-Vilvorde,Sint-Kwintens-Lennik,Gooik
Vlaams-Brabant#Brabant flamand,Halle-Vilvoorde#Hal-Vilvorde,Sint-Kwintens-Lennik,Herne
Vlaams-Brabant#Brabant flamand,Halle-Vilvoorde#Hal-Vilvorde,Sint-Kwintens-Lennik,Roosdaal
Hainaut#Henegouwen,Tournai-Ath-Mouscron#Doornik-Aat-Moeskroen,Quevaucamps,Beloeil
Hainaut#Henegouwen,Tournai-Ath-Mouscron#Doornik-Aat-Moeskroen,Quevaucamps,Bernissart
Luxembourg#Luxemburg,Arlon-Marche-Bastogne-Neufchâteau-Virton#Aarlen-Marche-Bastogne-Neufchâteau-Virton,Sibret,Vaux-sur-Sûre
Luxembourg#Luxemburg,Arlon-Marche-Bastogne-Neufchâteau-Virton#Aarlen-Marche-Bastogne-Neufchâteau-Virton,Sibret,Sainte-Ode
Limburg#Limbourg,Hasselt-Tongeren-Maaseik#Hasselt-Tongres-Maaseik,Zichen-Zussen-Bolder,Riemst
West-Vlaanderen#Flandre-Occidentale,Kortrijk-Roeselare-Tielt#Courtrai-Roulers-Tielt,Ardooie,Ardooie
Liège#Luik,Liège#Luik,Dalhem,Dalhem
Liège#Luik,Liège#Luik,Dalhem,Visé#Wezet
Oost-Vlaanderen#Flandre-Orientale,Gent#Gand,Oosterzele,Oosterzele
West-Vlaanderen#Flandre-Occidentale,Veurne-Diksmuide-Ieper-Oostende#Furnes-Dixmude-Ypres-Ostende,Poperinge,Vleteren
West-Vlaanderen#Flandre-Occidentale,Kortrijk-Roeselare-Tielt#Courtrai-Roulers-Tielt,Roeselare#Roulers,Lichtervelde
Oost-Vlaanderen#Flandre-Orientale,Sint-Niklaas-Dendermonde#Saint-Nicolas-Termonde,Wetteren,Destelbergen
Hainaut#Henegouwen,Tournai-Ath-Mouscron#Doornik-Aat-Moeskroen,Mouscron#Moeskroen,Estaimpuis
Hainaut#Henegouwen,Tournai-Ath-Mouscron#Doornik-Aat-Moeskroen,Mouscron#Moeskroen,Pecq
Hainaut#Henegouwen,Mons-Soignies#Bergen-Zinnik,Mons#Bergen,Frameries
Hainaut#Henegouwen,Mons-Soignies#Bergen-Zinnik,Mons#Bergen,Quévy
Liège#Luik,Huy-Waremme#Hoei-Borgworm,Huy#Hoei,Verlaine
Liège#Luik,Huy-Waremme#Hoei-Borgworm,Huy#Hoei,Villers-le-Bouillet
Liège#Luik,Liège#Luik,Liège#Luik,Bassenge#Bitsingen
Liège#Luik,Liège#Luik,Liège#Luik,Juprelle
Liège#Luik,Liège#Luik,Liège#Luik,Oupeye
Limburg#Limbourg,Hasselt-Tongeren-Maaseik#Hasselt-Tongres-Maaseik,Hasselt,Genk
Limburg#Limbourg,Hasselt-Tongeren-Maaseik#Hasselt-Tongres-Maaseik,Hasselt,As
Limburg#Limbourg,Hasselt-Tongeren-Maaseik#Hasselt-Tongres-Maaseik,Hasselt,Opglabbeek
Limburg#Limbourg,Hasselt-Tongeren-Maaseik#Hasselt-Tongres-Maaseik,Hasselt,Zutendaal
Vlaams-Brabant#Brabant flamand,Leuven#Louvain,Zoutleeuw#Léau,Landen
Liège#Luik,Liège#Luik,Liège#Luik,Aywaille
Liège#Luik,Liège#Luik,Liège#Luik,Comblain-au-Pont
Liège#Luik,Liège#Luik,Liège#Luik,Esneux
Liège#Luik,Liège#Luik,Liège#Luik,Sprimont
Liège#Luik,Liège#Luik,Liège#Luik,Grâce-Hollogne
Liège#Luik,Liège#Luik,Liège#Luik,Awans
Liège#Luik,Liège#Luik,Liège#Luik,Flémalle
Liège#Luik,Liège#Luik,Liège#Luik,Dalhem
Liège#Luik,Liège#Luik,Liège#Luik,Visé#Wezet
Liège#Luik,Liège#Luik,Liège#Luik,Voeren#Fourons
Brabant,Brussel#Bruxelles,none,Zaventem
Brabant,Brussel#Bruxelles,none,Steenokkerzeel
Brabant,Brussel#Bruxelles,none,Overijse
Brabant,Brussel#Bruxelles,none,Hoeilaart
Brabant,Brussel#Bruxelles,none,Vilvoorde#Vilvorde
Brabant,Brussel#Bruxelles,none,Kampenhout
Brabant,Brussel#Bruxelles,none,Machelen
Brabant,Brussel#Bruxelles,none,Zemst
Brabant,Brussel#Bruxelles,none,Meise
Brabant,Brussel#Bruxelles,none,Grimbergen
Brabant,Brussel#Bruxelles,none,Kapelle-op-den-Bos
Brabant,Brussel#Bruxelles,none,Londerzeel
Brabant,Brussel#Bruxelles,none,Asse
Brabant,Brussel#Bruxelles,none,Affligem
Brabant,Brussel#Bruxelles,none,Liedekerke
Brabant,Brussel#Bruxelles,none,Merchtem
Brabant,Brussel#Bruxelles,none,Opwijk
Brabant,Brussel#Bruxelles,none,Ternat
Brabant,Brussel#Bruxelles,none,Dilbeek
Brabant,Brussel#Bruxelles,none,Halle#Hal
Brabant,Brussel#Bruxelles,none,Beersel
Brabant,Brussel#Bruxelles,none,Pepingen
Brabant,Brussel#Bruxelles,none,Sint-Pieters-Leeuw
Brabant,Brussel#Bruxelles,none,Lennik
Brabant,Brussel#Bruxelles,none,Bever#Biévène
Brabant,Brussel#Bruxelles,none,Galmaarden#Gammerages
Brabant,Brussel#Bruxelles,none,Gooik
Brabant,Brussel#Bruxelles,none,Herne
Brabant,Brussel#Bruxelles,none,Roosdaal
Brabant,Brussel#Bruxelles,none,Sint-Genesius-Rode#Rhode-Saint-Genèse
Brabant,Brussel#Bruxelles,none,Drogenbos
Brabant,Brussel#Bruxelles,none,Linkebeek
Brabant,Brussel#Bruxelles,none,Wemmel
Brabant,Brussel#Bruxelles,none,Kraainem
Brabant,Brussel#Bruxelles,none,Wezembeek-Oppem